ALS_IceBucket_Challenge/ALS_IceBucket_Challenge_016.mp4,0
ALS_IceBucket_Challenge/ALS_IceBucket_Challenge_017.mp4,0
ALS_IceBucket_Challenge/ALS_IceBucket_Challenge_018.mp4,0
ALS_IceBucket_Challenge/ALS_IceBucket_Challenge_019.mp4,0
CPR/CPR_016.mp4,1
CPR/CPR_017.mp4,1
CPR/CPR_018.mp4,1
CPR/CPR_019.mp4,1
abseiling/abseiling_016.mp4,2
abseiling/abseiling_017.mp4,2
abseiling/abseiling_018.mp4,2
abseiling/abseiling_019.mp4,2
add_new_car_tire/add_new_car_tire_016.mp4,3
add_new_car_tire/add_new_car_tire_017.mp4,3
add_new_car_tire/add_new_car_tire_018.mp4,3
add_new_car_tire/add_new_car_tire_019.mp4,3
adjusting_glasses/adjusting_glasses_016.mp4,4
adjusting_glasses/adjusting_glasses_017.mp4,4
adjusting_glasses/adjusting_glasses_018.mp4,4
adjusting_glasses/adjusting_glasses_019.mp4,4
air_drumming/air_drumming_016.mp4,5
air_drumming/air_drumming_017.mp4,5
air_drumming/air_drumming_018.mp4,5
air_drumming/air_drumming_019.mp4,5
air_guitar/air_guitar_016.mp4,6
air_guitar/air_guitar_017.mp4,6
air_guitar/air_guitar_018.mp4,6
air_guitar/air_guitar_019.mp4,6
air_hocky/air_hocky_016.mp4,7
air_hocky/air_hocky_017.mp4,7
air_hocky/air_hocky_018.mp4,7
air_hocky/air_hocky_019.mp4,7
alligator_wrestling/alligator_wrestling_016.mp4,8
alligator_wrestling/alligator_wrestling_017.mp4,8
alligator_wrestling/alligator_wrestling_018.mp4,8
alligator_wrestling/alligator_wrestling_019.mp4,8
applauding/applauding_016.mp4,9
applauding/applauding_017.mp4,9
applauding/applauding_018.mp4,9
applauding/applauding_019.mp4,9
applying_cream/applying_cream_016.mp4,10
applying_cream/applying_cream_017.mp4,10
applying_cream/applying_cream_018.mp4,10
applying_cream/applying_cream_019.mp4,10
archery/archery_016.mp4,11
archery/archery_017.mp4,11
archery/archery_018.mp4,11
archery/archery_019.mp4,11
arm_wave/arm_wave_016.mp4,12
arm_wave/arm_wave_017.mp4,12
arm_wave/arm_wave_018.mp4,12
arm_wave/arm_wave_019.mp4,12
arm_wrestling/arm_wrestling_016.mp4,13
arm_wrestling/arm_wrestling_017.mp4,13
arm_wrestling/arm_wrestling_018.mp4,13
arm_wrestling/arm_wrestling_019.mp4,13
atlatl_throw/atlatl_throw_016.mp4,14
atlatl_throw/atlatl_throw_017.mp4,14
atlatl_throw/atlatl_throw_018.mp4,14
atlatl_throw/atlatl_throw_019.mp4,14
axe_throwing/axe_throwing_016.mp4,15
axe_throwing/axe_throwing_017.mp4,15
axe_throwing/axe_throwing_018.mp4,15
axe_throwing/axe_throwing_019.mp4,15
backflip/backflip_016.mp4,16
backflip/backflip_017.mp4,16
backflip/backflip_018.mp4,16
backflip/backflip_019.mp4,16
backward_roll/backward_roll_016.mp4,17
backward_roll/backward_roll_017.mp4,17
backward_roll/backward_roll_018.mp4,17
backward_roll/backward_roll_019.mp4,17
badminton_overswing/badminton_overswing_016.mp4,18
badminton_overswing/badminton_overswing_017.mp4,18
badminton_overswing/badminton_overswing_018.mp4,18
badminton_overswing/badminton_overswing_019.mp4,18
badminton_serve/badminton_serve_016.mp4,19
badminton_serve/badminton_serve_017.mp4,19
badminton_serve/badminton_serve_018.mp4,19
badminton_serve/badminton_serve_019.mp4,19
badminton_underswing/badminton_underswing_016.mp4,20
badminton_underswing/badminton_underswing_017.mp4,20
badminton_underswing/badminton_underswing_018.mp4,20
badminton_underswing/badminton_underswing_019.mp4,20
balancebeam_flip/balancebeam_flip_016.mp4,21
balancebeam_flip/balancebeam_flip_017.mp4,21
balancebeam_flip/balancebeam_flip_018.mp4,21
balancebeam_flip/balancebeam_flip_019.mp4,21
balancebeam_jump/balancebeam_jump_016.mp4,22
balancebeam_jump/balancebeam_jump_017.mp4,22
balancebeam_jump/balancebeam_jump_018.mp4,22
balancebeam_jump/balancebeam_jump_019.mp4,22
balancebeam_rotate/balancebeam_rotate_016.mp4,23
balancebeam_rotate/balancebeam_rotate_017.mp4,23
balancebeam_rotate/balancebeam_rotate_018.mp4,23
balancebeam_rotate/balancebeam_rotate_019.mp4,23
balancebeam_spin/balancebeam_spin_016.mp4,24
balancebeam_spin/balancebeam_spin_017.mp4,24
balancebeam_spin/balancebeam_spin_018.mp4,24
balancebeam_spin/balancebeam_spin_019.mp4,24
balancebeam_walk/balancebeam_walk_016.mp4,25
balancebeam_walk/balancebeam_walk_017.mp4,25
balancebeam_walk/balancebeam_walk_018.mp4,25
balancebeam_walk/balancebeam_walk_019.mp4,25
balloon_animal/balloon_animal_016.mp4,26
balloon_animal/balloon_animal_017.mp4,26
balloon_animal/balloon_animal_018.mp4,26
balloon_animal/balloon_animal_019.mp4,26
bandaging/bandaging_016.mp4,27
bandaging/bandaging_017.mp4,27
bandaging/bandaging_018.mp4,27
bandaging/bandaging_019.mp4,27
base_jumping/base_jumping_016.mp4,28
base_jumping/base_jumping_017.mp4,28
base_jumping/base_jumping_018.mp4,28
base_jumping/base_jumping_019.mp4,28
baseball_bunt/baseball_bunt_016.mp4,29
baseball_bunt/baseball_bunt_017.mp4,29
baseball_bunt/baseball_bunt_018.mp4,29
baseball_bunt/baseball_bunt_019.mp4,29
baseball_catch_catcher/baseball_catch_catcher_016.mp4,30
baseball_catch_catcher/baseball_catch_catcher_017.mp4,30
baseball_catch_catcher/baseball_catch_catcher_018.mp4,30
baseball_catch_catcher/baseball_catch_catcher_019.mp4,30
baseball_catch_flyball/baseball_catch_flyball_016.mp4,31
baseball_catch_flyball/baseball_catch_flyball_017.mp4,31
baseball_catch_flyball/baseball_catch_flyball_018.mp4,31
baseball_catch_flyball/baseball_catch_flyball_019.mp4,31
baseball_catch_groundball/baseball_catch_groundball_016.mp4,32
baseball_catch_groundball/baseball_catch_groundball_017.mp4,32
baseball_catch_groundball/baseball_catch_groundball_018.mp4,32
baseball_catch_groundball/baseball_catch_groundball_019.mp4,32
baseball_pitch/baseball_pitch_016.mp4,33
baseball_pitch/baseball_pitch_017.mp4,33
baseball_pitch/baseball_pitch_018.mp4,33
baseball_pitch/baseball_pitch_019.mp4,33
baseball_run/baseball_run_016.mp4,34
baseball_run/baseball_run_017.mp4,34
baseball_run/baseball_run_018.mp4,34
baseball_run/baseball_run_019.mp4,34
baseball_swing/baseball_swing_016.mp4,35
baseball_swing/baseball_swing_017.mp4,35
baseball_swing/baseball_swing_018.mp4,35
baseball_swing/baseball_swing_019.mp4,35
basketball_dribble/basketball_dribble_016.mp4,36
basketball_dribble/basketball_dribble_017.mp4,36
basketball_dribble/basketball_dribble_018.mp4,36
basketball_dribble/basketball_dribble_019.mp4,36
basketball_dunk/basketball_dunk_016.mp4,37
basketball_dunk/basketball_dunk_017.mp4,37
basketball_dunk/basketball_dunk_018.mp4,37
basketball_dunk/basketball_dunk_019.mp4,37
basketball_hookshot/basketball_hookshot_016.mp4,38
basketball_hookshot/basketball_hookshot_017.mp4,38
basketball_hookshot/basketball_hookshot_018.mp4,38
basketball_hookshot/basketball_hookshot_019.mp4,38
basketball_jabstep/basketball_jabstep_016.mp4,39
basketball_jabstep/basketball_jabstep_017.mp4,39
basketball_jabstep/basketball_jabstep_018.mp4,39
basketball_jabstep/basketball_jabstep_019.mp4,39
basketball_layup/basketball_layup_016.mp4,40
basketball_layup/basketball_layup_017.mp4,40
basketball_layup/basketball_layup_018.mp4,40
basketball_layup/basketball_layup_019.mp4,40
basketball_pass/basketball_pass_016.mp4,41
basketball_pass/basketball_pass_017.mp4,41
basketball_pass/basketball_pass_018.mp4,41
basketball_pass/basketball_pass_019.mp4,41
basketball_shoot/basketball_shoot_016.mp4,42
basketball_shoot/basketball_shoot_017.mp4,42
basketball_shoot/basketball_shoot_018.mp4,42
basketball_shoot/basketball_shoot_019.mp4,42
battle-rope_jumping-jack/battle-rope_jumping-jack_016.mp4,43
battle-rope_jumping-jack/battle-rope_jumping-jack_017.mp4,43
battle-rope_jumping-jack/battle-rope_jumping-jack_018.mp4,43
battle-rope_jumping-jack/battle-rope_jumping-jack_019.mp4,43
battle-rope_power-slam/battle-rope_power-slam_016.mp4,44
battle-rope_power-slam/battle-rope_power-slam_017.mp4,44
battle-rope_power-slam/battle-rope_power-slam_018.mp4,44
battle-rope_power-slam/battle-rope_power-slam_019.mp4,44
battle-rope_rainbow/battle-rope_rainbow_016.mp4,45
battle-rope_rainbow/battle-rope_rainbow_017.mp4,45
battle-rope_rainbow/battle-rope_rainbow_018.mp4,45
battle-rope_rainbow/battle-rope_rainbow_019.mp4,45
battle-rope_russian-twist/battle-rope_russian-twist_016.mp4,46
battle-rope_russian-twist/battle-rope_russian-twist_017.mp4,46
battle-rope_russian-twist/battle-rope_russian-twist_018.mp4,46
battle-rope_russian-twist/battle-rope_russian-twist_019.mp4,46
battle-rope_sideplank/battle-rope_sideplank_016.mp4,47
battle-rope_sideplank/battle-rope_sideplank_017.mp4,47
battle-rope_sideplank/battle-rope_sideplank_018.mp4,47
battle-rope_sideplank/battle-rope_sideplank_019.mp4,47
battle-rope_snake/battle-rope_snake_016.mp4,48
battle-rope_snake/battle-rope_snake_017.mp4,48
battle-rope_snake/battle-rope_snake_018.mp4,48
battle-rope_snake/battle-rope_snake_019.mp4,48
battle-rope_wave/battle-rope_wave_016.mp4,49
battle-rope_wave/battle-rope_wave_017.mp4,49
battle-rope_wave/battle-rope_wave_018.mp4,49
battle-rope_wave/battle-rope_wave_019.mp4,49
beer_pong_throw/beer_pong_throw_016.mp4,50
beer_pong_throw/beer_pong_throw_017.mp4,50
beer_pong_throw/beer_pong_throw_018.mp4,50
beer_pong_throw/beer_pong_throw_019.mp4,50
belly_dancing/belly_dancing_016.mp4,51
belly_dancing/belly_dancing_017.mp4,51
belly_dancing/belly_dancing_018.mp4,51
belly_dancing/belly_dancing_019.mp4,51
bench_dip/bench_dip_016.mp4,52
bench_dip/bench_dip_017.mp4,52
bench_dip/bench_dip_018.mp4,52
bench_dip/bench_dip_019.mp4,52
bending_back/bending_back_016.mp4,53
bending_back/bending_back_017.mp4,53
bending_back/bending_back_018.mp4,53
bending_back/bending_back_019.mp4,53
bike_fall/bike_fall_016.mp4,54
bike_fall/bike_fall_017.mp4,54
bike_fall/bike_fall_018.mp4,54
bike_fall/bike_fall_019.mp4,54
billiard_hit/billiard_hit_016.mp4,55
billiard_hit/billiard_hit_017.mp4,55
billiard_hit/billiard_hit_018.mp4,55
billiard_hit/billiard_hit_019.mp4,55
blow_gun/blow_gun_016.mp4,56
blow_gun/blow_gun_017.mp4,56
blow_gun/blow_gun_018.mp4,56
blow_gun/blow_gun_019.mp4,56
blowdrying_hair/blowdrying_hair_016.mp4,57
blowdrying_hair/blowdrying_hair_017.mp4,57
blowdrying_hair/blowdrying_hair_018.mp4,57
blowdrying_hair/blowdrying_hair_019.mp4,57
blowing kisses/blowing kisses_016.mp4,58
blowing kisses/blowing kisses_017.mp4,58
blowing kisses/blowing kisses_018.mp4,58
blowing kisses/blowing kisses_019.mp4,58
blowing_balloon/blowing_balloon_016.mp4,59
blowing_balloon/blowing_balloon_017.mp4,59
blowing_balloon/blowing_balloon_018.mp4,59
blowing_balloon/blowing_balloon_019.mp4,59
blowing_glass/blowing_glass_016.mp4,60
blowing_glass/blowing_glass_017.mp4,60
blowing_glass/blowing_glass_018.mp4,60
blowing_glass/blowing_glass_019.mp4,60
blowing_gum/blowing_gum_016.mp4,61
blowing_gum/blowing_gum_017.mp4,61
blowing_gum/blowing_gum_018.mp4,61
blowing_gum/blowing_gum_019.mp4,61
blowing_leaf/blowing_leaf_016.mp4,62
blowing_leaf/blowing_leaf_017.mp4,62
blowing_leaf/blowing_leaf_018.mp4,62
blowing_leaf/blowing_leaf_019.mp4,62
blowing_nose/blowing_nose_016.mp4,63
blowing_nose/blowing_nose_017.mp4,63
blowing_nose/blowing_nose_018.mp4,63
blowing_nose/blowing_nose_019.mp4,63
bmx_jumping/bmx_jumping_016.mp4,64
bmx_jumping/bmx_jumping_017.mp4,64
bmx_jumping/bmx_jumping_018.mp4,64
bmx_jumping/bmx_jumping_019.mp4,64
bmx_riding/bmx_riding_016.mp4,65
bmx_riding/bmx_riding_017.mp4,65
bmx_riding/bmx_riding_018.mp4,65
bmx_riding/bmx_riding_019.mp4,65
bowing_fullbody/bowing_fullbody_016.mp4,66
bowing_fullbody/bowing_fullbody_017.mp4,66
bowing_fullbody/bowing_fullbody_018.mp4,66
bowing_fullbody/bowing_fullbody_019.mp4,66
bowing_waist/bowing_waist_016.mp4,67
bowing_waist/bowing_waist_017.mp4,67
bowing_waist/bowing_waist_018.mp4,67
bowing_waist/bowing_waist_019.mp4,67
bowling/bowling_016.mp4,68
bowling/bowling_017.mp4,68
bowling/bowling_018.mp4,68
bowling/bowling_019.mp4,68
bowls_throw/bowls_throw_016.mp4,69
bowls_throw/bowls_throw_017.mp4,69
bowls_throw/bowls_throw_018.mp4,69
bowls_throw/bowls_throw_019.mp4,69
breakdancing_flare/breakdancing_flare_016.mp4,70
breakdancing_flare/breakdancing_flare_017.mp4,70
breakdancing_flare/breakdancing_flare_018.mp4,70
breakdancing_flare/breakdancing_flare_019.mp4,70
breakdancing_flip/breakdancing_flip_016.mp4,71
breakdancing_flip/breakdancing_flip_017.mp4,71
breakdancing_flip/breakdancing_flip_018.mp4,71
breakdancing_flip/breakdancing_flip_019.mp4,71
breakdancing_rotate/breakdancing_rotate_016.mp4,72
breakdancing_rotate/breakdancing_rotate_017.mp4,72
breakdancing_rotate/breakdancing_rotate_018.mp4,72
breakdancing_rotate/breakdancing_rotate_019.mp4,72
breakdancing_support/breakdancing_support_016.mp4,73
breakdancing_support/breakdancing_support_017.mp4,73
breakdancing_support/breakdancing_support_018.mp4,73
breakdancing_support/breakdancing_support_019.mp4,73
brushing_floor/brushing_floor_016.mp4,74
brushing_floor/brushing_floor_017.mp4,74
brushing_floor/brushing_floor_018.mp4,74
brushing_floor/brushing_floor_019.mp4,74
brushing_hair/brushing_hair_016.mp4,75
brushing_hair/brushing_hair_017.mp4,75
brushing_hair/brushing_hair_018.mp4,75
brushing_hair/brushing_hair_019.mp4,75
brushing_teeth/brushing_teeth_016.mp4,76
brushing_teeth/brushing_teeth_017.mp4,76
brushing_teeth/brushing_teeth_018.mp4,76
brushing_teeth/brushing_teeth_019.mp4,76
building_snowman/building_snowman_016.mp4,77
building_snowman/building_snowman_017.mp4,77
building_snowman/building_snowman_018.mp4,77
building_snowman/building_snowman_019.mp4,77
burpee/burpee_016.mp4,78
burpee/burpee_017.mp4,78
burpee/burpee_018.mp4,78
burpee/burpee_019.mp4,78
burping/burping_016.mp4,79
burping/burping_017.mp4,79
burping/burping_018.mp4,79
burping/burping_019.mp4,79
calfrope_catch/calfrope_catch_016.mp4,80
calfrope_catch/calfrope_catch_017.mp4,80
calfrope_catch/calfrope_catch_018.mp4,80
calfrope_catch/calfrope_catch_019.mp4,80
calfrope_rope/calfrope_rope_016.mp4,81
calfrope_rope/calfrope_rope_017.mp4,81
calfrope_rope/calfrope_rope_018.mp4,81
calfrope_rope/calfrope_rope_019.mp4,81
calfrope_subdue/calfrope_subdue_016.mp4,82
calfrope_subdue/calfrope_subdue_017.mp4,82
calfrope_subdue/calfrope_subdue_018.mp4,82
calfrope_subdue/calfrope_subdue_019.mp4,82
canoeing_slalom/canoeing_slalom_016.mp4,83
canoeing_slalom/canoeing_slalom_017.mp4,83
canoeing_slalom/canoeing_slalom_018.mp4,83
canoeing_slalom/canoeing_slalom_019.mp4,83
canoeing_sprint/canoeing_sprint_016.mp4,84
canoeing_sprint/canoeing_sprint_017.mp4,84
canoeing_sprint/canoeing_sprint_018.mp4,84
canoeing_sprint/canoeing_sprint_019.mp4,84
card_throw/card_throw_016.mp4,85
card_throw/card_throw_017.mp4,85
card_throw/card_throw_018.mp4,85
card_throw/card_throw_019.mp4,85
carrying_with_head/carrying_with_head_016.mp4,86
carrying_with_head/carrying_with_head_017.mp4,86
carrying_with_head/carrying_with_head_018.mp4,86
carrying_with_head/carrying_with_head_019.mp4,86
cartwheeling/cartwheeling_016.mp4,87
cartwheeling/cartwheeling_017.mp4,87
cartwheeling/cartwheeling_018.mp4,87
cartwheeling/cartwheeling_019.mp4,87
cast_net/cast_net_016.mp4,88
cast_net/cast_net_017.mp4,88
cast_net/cast_net_018.mp4,88
cast_net/cast_net_019.mp4,88
chainsaw_log/chainsaw_log_016.mp4,89
chainsaw_log/chainsaw_log_017.mp4,89
chainsaw_log/chainsaw_log_018.mp4,89
chainsaw_log/chainsaw_log_019.mp4,89
chainsaw_tree/chainsaw_tree_016.mp4,90
chainsaw_tree/chainsaw_tree_017.mp4,90
chainsaw_tree/chainsaw_tree_018.mp4,90
chainsaw_tree/chainsaw_tree_019.mp4,90
chalkboard/chalkboard_016.mp4,91
chalkboard/chalkboard_017.mp4,91
chalkboard/chalkboard_018.mp4,91
chalkboard/chalkboard_019.mp4,91
chewing_gum/chewing_gum_016.mp4,92
chewing_gum/chewing_gum_017.mp4,92
chewing_gum/chewing_gum_018.mp4,92
chewing_gum/chewing_gum_019.mp4,92
chopping_meat/chopping_meat_016.mp4,93
chopping_meat/chopping_meat_017.mp4,93
chopping_meat/chopping_meat_018.mp4,93
chopping_meat/chopping_meat_019.mp4,93
chopping_wood/chopping_wood_016.mp4,94
chopping_wood/chopping_wood_017.mp4,94
chopping_wood/chopping_wood_018.mp4,94
chopping_wood/chopping_wood_019.mp4,94
cleaning_mirror/cleaning_mirror_016.mp4,95
cleaning_mirror/cleaning_mirror_017.mp4,95
cleaning_mirror/cleaning_mirror_018.mp4,95
cleaning_mirror/cleaning_mirror_019.mp4,95
cleaning_mopping/cleaning_mopping_016.mp4,96
cleaning_mopping/cleaning_mopping_017.mp4,96
cleaning_mopping/cleaning_mopping_018.mp4,96
cleaning_mopping/cleaning_mopping_019.mp4,96
cleaning_sweeping/cleaning_sweeping_016.mp4,97
cleaning_sweeping/cleaning_sweeping_017.mp4,97
cleaning_sweeping/cleaning_sweeping_018.mp4,97
cleaning_sweeping/cleaning_sweeping_019.mp4,97
cleaning_vacumming/cleaning_vacumming_016.mp4,98
cleaning_vacumming/cleaning_vacumming_017.mp4,98
cleaning_vacumming/cleaning_vacumming_018.mp4,98
cleaning_vacumming/cleaning_vacumming_019.mp4,98
cleaning_windows/cleaning_windows_016.mp4,99
cleaning_windows/cleaning_windows_017.mp4,99
cleaning_windows/cleaning_windows_018.mp4,99
cleaning_windows/cleaning_windows_019.mp4,99
clear_snow_off_car/clear_snow_off_car_016.mp4,100
clear_snow_off_car/clear_snow_off_car_017.mp4,100
clear_snow_off_car/clear_snow_off_car_018.mp4,100
clear_snow_off_car/clear_snow_off_car_019.mp4,100
climb_icecliff/climb_icecliff_016.mp4,101
climb_icecliff/climb_icecliff_017.mp4,101
climb_icecliff/climb_icecliff_018.mp4,101
climb_icecliff/climb_icecliff_019.mp4,101
climb_ladder/climb_ladder_016.mp4,102
climb_ladder/climb_ladder_017.mp4,102
climb_ladder/climb_ladder_018.mp4,102
climb_ladder/climb_ladder_019.mp4,102
climb_pole/climb_pole_016.mp4,103
climb_pole/climb_pole_017.mp4,103
climb_pole/climb_pole_018.mp4,103
climb_pole/climb_pole_019.mp4,103
climb_stair/climb_stair_016.mp4,104
climb_stair/climb_stair_017.mp4,104
climb_stair/climb_stair_018.mp4,104
climb_stair/climb_stair_019.mp4,104
climbing_rock/climbing_rock_016.mp4,105
climbing_rock/climbing_rock_017.mp4,105
climbing_rock/climbing_rock_018.mp4,105
climbing_rock/climbing_rock_019.mp4,105
climbing_rope/climbing_rope_016.mp4,106
climbing_rope/climbing_rope_017.mp4,106
climbing_rope/climbing_rope_018.mp4,106
climbing_rope/climbing_rope_019.mp4,106
climbing_tree/climbing_tree_016.mp4,107
climbing_tree/climbing_tree_017.mp4,107
climbing_tree/climbing_tree_018.mp4,107
climbing_tree/climbing_tree_019.mp4,107
closing_door/closing_door_016.mp4,108
closing_door/closing_door_017.mp4,108
closing_door/closing_door_018.mp4,108
closing_door/closing_door_019.mp4,108
conducting/conducting_016.mp4,109
conducting/conducting_017.mp4,109
conducting/conducting_018.mp4,109
conducting/conducting_019.mp4,109
crawling/crawling_016.mp4,110
crawling/crawling_017.mp4,110
crawling/crawling_018.mp4,110
crawling/crawling_019.mp4,110
cross_body_shoulder_stretch/cross_body_shoulder_stretch_016.mp4,111
cross_body_shoulder_stretch/cross_body_shoulder_stretch_017.mp4,111
cross_body_shoulder_stretch/cross_body_shoulder_stretch_018.mp4,111
cross_body_shoulder_stretch/cross_body_shoulder_stretch_019.mp4,111
cross_country_ski_slide/cross_country_ski_slide_016.mp4,112
cross_country_ski_slide/cross_country_ski_slide_017.mp4,112
cross_country_ski_slide/cross_country_ski_slide_018.mp4,112
cross_country_ski_slide/cross_country_ski_slide_019.mp4,112
cross_country_ski_walk/cross_country_ski_walk_016.mp4,113
cross_country_ski_walk/cross_country_ski_walk_017.mp4,113
cross_country_ski_walk/cross_country_ski_walk_018.mp4,113
cross_country_ski_walk/cross_country_ski_walk_019.mp4,113
crossbow_shoot/crossbow_shoot_016.mp4,114
crossbow_shoot/crossbow_shoot_017.mp4,114
crossbow_shoot/crossbow_shoot_018.mp4,114
crossbow_shoot/crossbow_shoot_019.mp4,114
curling_follow/curling_follow_016.mp4,115
curling_follow/curling_follow_017.mp4,115
curling_follow/curling_follow_018.mp4,115
curling_follow/curling_follow_019.mp4,115
curling_push/curling_push_016.mp4,116
curling_push/curling_push_017.mp4,116
curling_push/curling_push_018.mp4,116
curling_push/curling_push_019.mp4,116
curling_sweep/curling_sweep_016.mp4,117
curling_sweep/curling_sweep_017.mp4,117
curling_sweep/curling_sweep_018.mp4,117
curling_sweep/curling_sweep_019.mp4,117
cutting_onion/cutting_onion_016.mp4,118
cutting_onion/cutting_onion_017.mp4,118
cutting_onion/cutting_onion_018.mp4,118
cutting_onion/cutting_onion_019.mp4,118
dabbing/dabbing_016.mp4,119
dabbing/dabbing_017.mp4,119
dabbing/dabbing_018.mp4,119
dabbing/dabbing_019.mp4,119
dart_throw/dart_throw_016.mp4,120
dart_throw/dart_throw_017.mp4,120
dart_throw/dart_throw_018.mp4,120
dart_throw/dart_throw_019.mp4,120
decorating_snowman/decorating_snowman_016.mp4,121
decorating_snowman/decorating_snowman_017.mp4,121
decorating_snowman/decorating_snowman_018.mp4,121
decorating_snowman/decorating_snowman_019.mp4,121
dice_shuffle_reveal/dice_shuffle_reveal_016.mp4,122
dice_shuffle_reveal/dice_shuffle_reveal_017.mp4,122
dice_shuffle_reveal/dice_shuffle_reveal_018.mp4,122
dice_shuffle_reveal/dice_shuffle_reveal_019.mp4,122
dice_stack_shuffle/dice_stack_shuffle_016.mp4,123
dice_stack_shuffle/dice_stack_shuffle_017.mp4,123
dice_stack_shuffle/dice_stack_shuffle_018.mp4,123
dice_stack_shuffle/dice_stack_shuffle_019.mp4,123
dips/dips_016.mp4,124
dips/dips_017.mp4,124
dips/dips_018.mp4,124
dips/dips_019.mp4,124
discuss_throw/discuss_throw_016.mp4,125
discuss_throw/discuss_throw_017.mp4,125
discuss_throw/discuss_throw_018.mp4,125
discuss_throw/discuss_throw_019.mp4,125
diving_jump/diving_jump_016.mp4,126
diving_jump/diving_jump_017.mp4,126
diving_jump/diving_jump_018.mp4,126
diving_jump/diving_jump_019.mp4,126
diving_rotate/diving_rotate_016.mp4,127
diving_rotate/diving_rotate_017.mp4,127
diving_rotate/diving_rotate_018.mp4,127
diving_rotate/diving_rotate_019.mp4,127
diving_sneak/diving_sneak_016.mp4,128
diving_sneak/diving_sneak_017.mp4,128
diving_sneak/diving_sneak_018.mp4,128
diving_sneak/diving_sneak_019.mp4,128
dj/dj_016.mp4,129
dj/dj_017.mp4,129
dj/dj_018.mp4,129
dj/dj_019.mp4,129
dog_highfive/dog_highfive_016.mp4,130
dog_highfive/dog_highfive_017.mp4,130
dog_highfive/dog_highfive_018.mp4,130
dog_highfive/dog_highfive_019.mp4,130
dog_walking/dog_walking_016.mp4,131
dog_walking/dog_walking_017.mp4,131
dog_walking/dog_walking_018.mp4,131
dog_walking/dog_walking_019.mp4,131
draw_handgun/draw_handgun_016.mp4,132
draw_handgun/draw_handgun_017.mp4,132
draw_handgun/draw_handgun_018.mp4,132
draw_handgun/draw_handgun_019.mp4,132
drinking_with_cup/drinking_with_cup_016.mp4,133
drinking_with_cup/drinking_with_cup_017.mp4,133
drinking_with_cup/drinking_with_cup_018.mp4,133
drinking_with_cup/drinking_with_cup_019.mp4,133
drinking_with_straw/drinking_with_straw_016.mp4,134
drinking_with_straw/drinking_with_straw_017.mp4,134
drinking_with_straw/drinking_with_straw_018.mp4,134
drinking_with_straw/drinking_with_straw_019.mp4,134
eat_apple/eat_apple_016.mp4,135
eat_apple/eat_apple_017.mp4,135
eat_apple/eat_apple_018.mp4,135
eat_apple/eat_apple_019.mp4,135
eat_burger/eat_burger_016.mp4,136
eat_burger/eat_burger_017.mp4,136
eat_burger/eat_burger_018.mp4,136
eat_burger/eat_burger_019.mp4,136
eat_spagetti/eat_spagetti_016.mp4,137
eat_spagetti/eat_spagetti_017.mp4,137
eat_spagetti/eat_spagetti_018.mp4,137
eat_spagetti/eat_spagetti_019.mp4,137
eating_hotdogs/eating_hotdogs_016.mp4,138
eating_hotdogs/eating_hotdogs_017.mp4,138
eating_hotdogs/eating_hotdogs_018.mp4,138
eating_hotdogs/eating_hotdogs_019.mp4,138
eating_ice_cream/eating_ice_cream_016.mp4,139
eating_ice_cream/eating_ice_cream_017.mp4,139
eating_ice_cream/eating_ice_cream_018.mp4,139
eating_ice_cream/eating_ice_cream_019.mp4,139
eating_oyster/eating_oyster_016.mp4,140
eating_oyster/eating_oyster_017.mp4,140
eating_oyster/eating_oyster_018.mp4,140
eating_oyster/eating_oyster_019.mp4,140
equestrian_dressage/equestrian_dressage_016.mp4,141
equestrian_dressage/equestrian_dressage_017.mp4,141
equestrian_dressage/equestrian_dressage_018.mp4,141
equestrian_dressage/equestrian_dressage_019.mp4,141
equestrian_jump/equestrian_jump_016.mp4,142
equestrian_jump/equestrian_jump_017.mp4,142
equestrian_jump/equestrian_jump_018.mp4,142
equestrian_jump/equestrian_jump_019.mp4,142
equestrian_run/equestrian_run_016.mp4,143
equestrian_run/equestrian_run_017.mp4,143
equestrian_run/equestrian_run_018.mp4,143
equestrian_run/equestrian_run_019.mp4,143
face-changing_opera/face-changing_opera_016.mp4,144
face-changing_opera/face-changing_opera_017.mp4,144
face-changing_opera/face-changing_opera_018.mp4,144
face-changing_opera/face-changing_opera_019.mp4,144
face_slapping/face_slapping_016.mp4,145
face_slapping/face_slapping_017.mp4,145
face_slapping/face_slapping_018.mp4,145
face_slapping/face_slapping_019.mp4,145
falling_off_chair/falling_off_chair_016.mp4,146
falling_off_chair/falling_off_chair_017.mp4,146
falling_off_chair/falling_off_chair_018.mp4,146
falling_off_chair/falling_off_chair_019.mp4,146
figure_skate_I_spin/figure_skate_I_spin_016.mp4,147
figure_skate_I_spin/figure_skate_I_spin_017.mp4,147
figure_skate_I_spin/figure_skate_I_spin_018.mp4,147
figure_skate_I_spin/figure_skate_I_spin_019.mp4,147
figure_skate_backward/figure_skate_backward_016.mp4,148
figure_skate_backward/figure_skate_backward_017.mp4,148
figure_skate_backward/figure_skate_backward_018.mp4,148
figure_skate_backward/figure_skate_backward_019.mp4,148
figure_skate_bielman_spin/figure_skate_bielman_spin_016.mp4,149
figure_skate_bielman_spin/figure_skate_bielman_spin_017.mp4,149
figure_skate_bielman_spin/figure_skate_bielman_spin_018.mp4,149
figure_skate_bielman_spin/figure_skate_bielman_spin_019.mp4,149
figure_skate_camel_spin/figure_skate_camel_spin_016.mp4,150
figure_skate_camel_spin/figure_skate_camel_spin_017.mp4,150
figure_skate_camel_spin/figure_skate_camel_spin_018.mp4,150
figure_skate_camel_spin/figure_skate_camel_spin_019.mp4,150
figure_skate_donut_spin/figure_skate_donut_spin_016.mp4,151
figure_skate_donut_spin/figure_skate_donut_spin_017.mp4,151
figure_skate_donut_spin/figure_skate_donut_spin_018.mp4,151
figure_skate_donut_spin/figure_skate_donut_spin_019.mp4,151
figure_skate_forward/figure_skate_forward_016.mp4,152
figure_skate_forward/figure_skate_forward_017.mp4,152
figure_skate_forward/figure_skate_forward_018.mp4,152
figure_skate_forward/figure_skate_forward_019.mp4,152
figure_skate_hydroblading/figure_skate_hydroblading_016.mp4,153
figure_skate_hydroblading/figure_skate_hydroblading_017.mp4,153
figure_skate_hydroblading/figure_skate_hydroblading_018.mp4,153
figure_skate_hydroblading/figure_skate_hydroblading_019.mp4,153
figure_skate_inaBauer/figure_skate_inaBauer_016.mp4,154
figure_skate_inaBauer/figure_skate_inaBauer_017.mp4,154
figure_skate_inaBauer/figure_skate_inaBauer_018.mp4,154
figure_skate_inaBauer/figure_skate_inaBauer_019.mp4,154
figure_skate_jump_spin/figure_skate_jump_spin_016.mp4,155
figure_skate_jump_spin/figure_skate_jump_spin_017.mp4,155
figure_skate_jump_spin/figure_skate_jump_spin_018.mp4,155
figure_skate_jump_spin/figure_skate_jump_spin_019.mp4,155
figure_skate_scratch_spin/figure_skate_scratch_spin_016.mp4,156
figure_skate_scratch_spin/figure_skate_scratch_spin_017.mp4,156
figure_skate_scratch_spin/figure_skate_scratch_spin_018.mp4,156
figure_skate_scratch_spin/figure_skate_scratch_spin_019.mp4,156
figure_skate_sit_spin/figure_skate_sit_spin_016.mp4,157
figure_skate_sit_spin/figure_skate_sit_spin_017.mp4,157
figure_skate_sit_spin/figure_skate_sit_spin_018.mp4,157
figure_skate_sit_spin/figure_skate_sit_spin_019.mp4,157
fire_breathing/fire_breathing_016.mp4,158
fire_breathing/fire_breathing_017.mp4,158
fire_breathing/fire_breathing_018.mp4,158
fire_breathing/fire_breathing_019.mp4,158
fire_dancing_circulating/fire_dancing_circulating_016.mp4,159
fire_dancing_circulating/fire_dancing_circulating_017.mp4,159
fire_dancing_circulating/fire_dancing_circulating_018.mp4,159
fire_dancing_circulating/fire_dancing_circulating_019.mp4,159
fire_extinguisher/fire_extinguisher_016.mp4,160
fire_extinguisher/fire_extinguisher_017.mp4,160
fire_extinguisher/fire_extinguisher_018.mp4,160
fire_extinguisher/fire_extinguisher_019.mp4,160
fish-hunting_hold/fish-hunting_hold_016.mp4,161
fish-hunting_hold/fish-hunting_hold_017.mp4,161
fish-hunting_hold/fish-hunting_hold_018.mp4,161
fish-hunting_hold/fish-hunting_hold_019.mp4,161
fish-hunting_pull/fish-hunting_pull_016.mp4,162
fish-hunting_pull/fish-hunting_pull_017.mp4,162
fish-hunting_pull/fish-hunting_pull_018.mp4,162
fish-hunting_pull/fish-hunting_pull_019.mp4,162
fist_bump/fist_bump_016.mp4,163
fist_bump/fist_bump_017.mp4,163
fist_bump/fist_bump_018.mp4,163
fist_bump/fist_bump_019.mp4,163
flamethrower/flamethrower_016.mp4,164
flamethrower/flamethrower_017.mp4,164
flamethrower/flamethrower_018.mp4,164
flamethrower/flamethrower_019.mp4,164
flipping_bottle/flipping_bottle_016.mp4,165
flipping_bottle/flipping_bottle_017.mp4,165
flipping_bottle/flipping_bottle_018.mp4,165
flipping_bottle/flipping_bottle_019.mp4,165
floor_rotate/floor_rotate_016.mp4,166
floor_rotate/floor_rotate_017.mp4,166
floor_rotate/floor_rotate_018.mp4,166
floor_rotate/floor_rotate_019.mp4,166
floor_spin/floor_spin_016.mp4,167
floor_spin/floor_spin_017.mp4,167
floor_spin/floor_spin_018.mp4,167
floor_spin/floor_spin_019.mp4,167
floss_dance/floss_dance_016.mp4,168
floss_dance/floss_dance_017.mp4,168
floss_dance/floss_dance_018.mp4,168
floss_dance/floss_dance_019.mp4,168
flying_kite/flying_kite_016.mp4,169
flying_kite/flying_kite_017.mp4,169
flying_kite/flying_kite_018.mp4,169
flying_kite/flying_kite_019.mp4,169
folding_blanket/folding_blanket_016.mp4,170
folding_blanket/folding_blanket_017.mp4,170
folding_blanket/folding_blanket_018.mp4,170
folding_blanket/folding_blanket_019.mp4,170
folding_clothes/folding_clothes_016.mp4,171
folding_clothes/folding_clothes_017.mp4,171
folding_clothes/folding_clothes_018.mp4,171
folding_clothes/folding_clothes_019.mp4,171
football_catch/football_catch_016.mp4,172
football_catch/football_catch_017.mp4,172
football_catch/football_catch_018.mp4,172
football_catch/football_catch_019.mp4,172
football_run/football_run_016.mp4,173
football_run/football_run_017.mp4,173
football_run/football_run_018.mp4,173
football_run/football_run_019.mp4,173
football_throw/football_throw_016.mp4,174
football_throw/football_throw_017.mp4,174
football_throw/football_throw_018.mp4,174
football_throw/football_throw_019.mp4,174
forward_fold/forward_fold_016.mp4,175
forward_fold/forward_fold_017.mp4,175
forward_fold/forward_fold_018.mp4,175
forward_fold/forward_fold_019.mp4,175
forward_roll/forward_roll_016.mp4,176
forward_roll/forward_roll_017.mp4,176
forward_roll/forward_roll_018.mp4,176
forward_roll/forward_roll_019.mp4,176
frisbee_catch/frisbee_catch_016.mp4,177
frisbee_catch/frisbee_catch_017.mp4,177
frisbee_catch/frisbee_catch_018.mp4,177
frisbee_catch/frisbee_catch_019.mp4,177
frisbee_throw/frisbee_throw_016.mp4,178
frisbee_throw/frisbee_throw_017.mp4,178
frisbee_throw/frisbee_throw_018.mp4,178
frisbee_throw/frisbee_throw_019.mp4,178
frog_jump/frog_jump_016.mp4,179
frog_jump/frog_jump_017.mp4,179
frog_jump/frog_jump_018.mp4,179
frog_jump/frog_jump_019.mp4,179
ganggangsullae/ganggangsullae_016.mp4,180
ganggangsullae/ganggangsullae_017.mp4,180
ganggangsullae/ganggangsullae_018.mp4,180
ganggangsullae/ganggangsullae_019.mp4,180
gangnam_style_dance/gangnam_style_dance_016.mp4,181
gangnam_style_dance/gangnam_style_dance_017.mp4,181
gangnam_style_dance/gangnam_style_dance_018.mp4,181
gangnam_style_dance/gangnam_style_dance_019.mp4,181
gas_pumping_to_car/gas_pumping_to_car_016.mp4,182
gas_pumping_to_car/gas_pumping_to_car_017.mp4,182
gas_pumping_to_car/gas_pumping_to_car_018.mp4,182
gas_pumping_to_car/gas_pumping_to_car_019.mp4,182
golf_part/golf_part_016.mp4,183
golf_part/golf_part_017.mp4,183
golf_part/golf_part_018.mp4,183
golf_part/golf_part_019.mp4,183
golf_swing/golf_swing_016.mp4,184
golf_swing/golf_swing_017.mp4,184
golf_swing/golf_swing_018.mp4,184
golf_swing/golf_swing_019.mp4,184
grass_skating/grass_skating_016.mp4,185
grass_skating/grass_skating_017.mp4,185
grass_skating/grass_skating_018.mp4,185
grass_skating/grass_skating_019.mp4,185
grass_skiing/grass_skiing_016.mp4,186
grass_skiing/grass_skiing_017.mp4,186
grass_skiing/grass_skiing_018.mp4,186
grass_skiing/grass_skiing_019.mp4,186
guitar_flip/guitar_flip_016.mp4,187
guitar_flip/guitar_flip_017.mp4,187
guitar_flip/guitar_flip_018.mp4,187
guitar_flip/guitar_flip_019.mp4,187
guitar_smashing/guitar_smashing_016.mp4,188
guitar_smashing/guitar_smashing_017.mp4,188
guitar_smashing/guitar_smashing_018.mp4,188
guitar_smashing/guitar_smashing_019.mp4,188
gym_lift/gym_lift_016.mp4,189
gym_lift/gym_lift_017.mp4,189
gym_lift/gym_lift_018.mp4,189
gym_lift/gym_lift_019.mp4,189
gym_lunges/gym_lunges_016.mp4,190
gym_lunges/gym_lunges_017.mp4,190
gym_lunges/gym_lunges_018.mp4,190
gym_lunges/gym_lunges_019.mp4,190
gym_plank/gym_plank_016.mp4,191
gym_plank/gym_plank_017.mp4,191
gym_plank/gym_plank_018.mp4,191
gym_plank/gym_plank_019.mp4,191
gym_pull/gym_pull_016.mp4,192
gym_pull/gym_pull_017.mp4,192
gym_pull/gym_pull_018.mp4,192
gym_pull/gym_pull_019.mp4,192
gym_push/gym_push_016.mp4,193
gym_push/gym_push_017.mp4,193
gym_push/gym_push_018.mp4,193
gym_push/gym_push_019.mp4,193
gym_ride/gym_ride_016.mp4,194
gym_ride/gym_ride_017.mp4,194
gym_ride/gym_ride_018.mp4,194
gym_ride/gym_ride_019.mp4,194
gym_run/gym_run_016.mp4,195
gym_run/gym_run_017.mp4,195
gym_run/gym_run_018.mp4,195
gym_run/gym_run_019.mp4,195
gym_squat/gym_squat_016.mp4,196
gym_squat/gym_squat_017.mp4,196
gym_squat/gym_squat_018.mp4,196
gym_squat/gym_squat_019.mp4,196
hailing_taxi/hailing_taxi_016.mp4,197
hailing_taxi/hailing_taxi_017.mp4,197
hailing_taxi/hailing_taxi_018.mp4,197
hailing_taxi/hailing_taxi_019.mp4,197
haircut_scissor/haircut_scissor_016.mp4,198
haircut_scissor/haircut_scissor_017.mp4,198
haircut_scissor/haircut_scissor_018.mp4,198
haircut_scissor/haircut_scissor_019.mp4,198
hammer_throw/hammer_throw_016.mp4,199
hammer_throw/hammer_throw_017.mp4,199
hammer_throw/hammer_throw_018.mp4,199
hammer_throw/hammer_throw_019.mp4,199
hammering_nail/hammering_nail_016.mp4,200
hammering_nail/hammering_nail_017.mp4,200
hammering_nail/hammering_nail_018.mp4,200
hammering_nail/hammering_nail_019.mp4,200
hand-drill_firemaking_blow/hand-drill_firemaking_blow_016.mp4,201
hand-drill_firemaking_blow/hand-drill_firemaking_blow_017.mp4,201
hand-drill_firemaking_blow/hand-drill_firemaking_blow_018.mp4,201
hand-drill_firemaking_blow/hand-drill_firemaking_blow_019.mp4,201
hand-drill_firemaking_drill_with_bow/hand-drill_firemaking_drill_with_bow_016.mp4,202
hand-drill_firemaking_drill_with_bow/hand-drill_firemaking_drill_with_bow_017.mp4,202
hand-drill_firemaking_drill_with_bow/hand-drill_firemaking_drill_with_bow_018.mp4,202
hand-drill_firemaking_drill_with_bow/hand-drill_firemaking_drill_with_bow_019.mp4,202
hand-drill_firemaking_drill_with_hand/hand-drill_firemaking_drill_with_hand_016.mp4,203
hand-drill_firemaking_drill_with_hand/hand-drill_firemaking_drill_with_hand_017.mp4,203
hand-drill_firemaking_drill_with_hand/hand-drill_firemaking_drill_with_hand_018.mp4,203
hand-drill_firemaking_drill_with_hand/hand-drill_firemaking_drill_with_hand_019.mp4,203
hand_in_hand/hand_in_hand_016.mp4,204
hand_in_hand/hand_in_hand_017.mp4,204
hand_in_hand/hand_in_hand_018.mp4,204
hand_in_hand/hand_in_hand_019.mp4,204
handsaw/handsaw_016.mp4,205
handsaw/handsaw_017.mp4,205
handsaw/handsaw_018.mp4,205
handsaw/handsaw_019.mp4,205
handshake_dog/handshake_dog_016.mp4,206
handshake_dog/handshake_dog_017.mp4,206
handshake_dog/handshake_dog_018.mp4,206
handshake_dog/handshake_dog_019.mp4,206
handstand/handstand_016.mp4,207
handstand/handstand_017.mp4,207
handstand/handstand_018.mp4,207
handstand/handstand_019.mp4,207
hanging_clothes/hanging_clothes_016.mp4,208
hanging_clothes/hanging_clothes_017.mp4,208
hanging_clothes/hanging_clothes_018.mp4,208
hanging_clothes/hanging_clothes_019.mp4,208
headbang/headbang_016.mp4,209
headbang/headbang_017.mp4,209
headbang/headbang_018.mp4,209
headbang/headbang_019.mp4,209
heimlich_maneuver/heimlich_maneuver_016.mp4,210
heimlich_maneuver/heimlich_maneuver_017.mp4,210
heimlich_maneuver/heimlich_maneuver_018.mp4,210
heimlich_maneuver/heimlich_maneuver_019.mp4,210
high_five/high_five_016.mp4,211
high_five/high_five_017.mp4,211
high_five/high_five_018.mp4,211
high_five/high_five_019.mp4,211
high_jump_jump/high_jump_jump_016.mp4,212
high_jump_jump/high_jump_jump_017.mp4,212
high_jump_jump/high_jump_jump_018.mp4,212
high_jump_jump/high_jump_jump_019.mp4,212
high_jump_run/high_jump_run_016.mp4,213
high_jump_run/high_jump_run_017.mp4,213
high_jump_run/high_jump_run_018.mp4,213
high_jump_run/high_jump_run_019.mp4,213
high_knees/high_knees_016.mp4,214
high_knees/high_knees_017.mp4,214
high_knees/high_knees_018.mp4,214
high_knees/high_knees_019.mp4,214
hold_baby/hold_baby_016.mp4,215
hold_baby/hold_baby_017.mp4,215
hold_baby/hold_baby_018.mp4,215
hold_baby/hold_baby_019.mp4,215
hold_baby_with_wrap/hold_baby_with_wrap_016.mp4,216
hold_baby_with_wrap/hold_baby_with_wrap_017.mp4,216
hold_baby_with_wrap/hold_baby_with_wrap_018.mp4,216
hold_baby_with_wrap/hold_baby_with_wrap_019.mp4,216
hookah/hookah_016.mp4,217
hookah/hookah_017.mp4,217
hookah/hookah_018.mp4,217
hookah/hookah_019.mp4,217
hopscotch_pickup/hopscotch_pickup_016.mp4,218
hopscotch_pickup/hopscotch_pickup_017.mp4,218
hopscotch_pickup/hopscotch_pickup_018.mp4,218
hopscotch_pickup/hopscotch_pickup_019.mp4,218
hopscotch_skip/hopscotch_skip_016.mp4,219
hopscotch_skip/hopscotch_skip_017.mp4,219
hopscotch_skip/hopscotch_skip_018.mp4,219
hopscotch_skip/hopscotch_skip_019.mp4,219
hopscotch_spin/hopscotch_spin_016.mp4,220
hopscotch_spin/hopscotch_spin_017.mp4,220
hopscotch_spin/hopscotch_spin_018.mp4,220
hopscotch_spin/hopscotch_spin_019.mp4,220
horizontalbar_flip/horizontalbar_flip_016.mp4,221
horizontalbar_flip/horizontalbar_flip_017.mp4,221
horizontalbar_flip/horizontalbar_flip_018.mp4,221
horizontalbar_flip/horizontalbar_flip_019.mp4,221
horizontalbar_jump/horizontalbar_jump_016.mp4,222
horizontalbar_jump/horizontalbar_jump_017.mp4,222
horizontalbar_jump/horizontalbar_jump_018.mp4,222
horizontalbar_jump/horizontalbar_jump_019.mp4,222
horizontalbar_land/horizontalbar_land_016.mp4,223
horizontalbar_land/horizontalbar_land_017.mp4,223
horizontalbar_land/horizontalbar_land_018.mp4,223
horizontalbar_land/horizontalbar_land_019.mp4,223
horizontalbar_spin/horizontalbar_spin_016.mp4,224
horizontalbar_spin/horizontalbar_spin_017.mp4,224
horizontalbar_spin/horizontalbar_spin_018.mp4,224
horizontalbar_spin/horizontalbar_spin_019.mp4,224
hugging_animal/hugging_animal_016.mp4,225
hugging_animal/hugging_animal_017.mp4,225
hugging_animal/hugging_animal_018.mp4,225
hugging_animal/hugging_animal_019.mp4,225
hugging_human/hugging_human_016.mp4,226
hugging_human/hugging_human_017.mp4,226
hugging_human/hugging_human_018.mp4,226
hugging_human/hugging_human_019.mp4,226
hurdle_jump/hurdle_jump_016.mp4,227
hurdle_jump/hurdle_jump_017.mp4,227
hurdle_jump/hurdle_jump_018.mp4,227
hurdle_jump/hurdle_jump_019.mp4,227
ice_scuplting/ice_scuplting_016.mp4,228
ice_scuplting/ice_scuplting_017.mp4,228
ice_scuplting/ice_scuplting_018.mp4,228
ice_scuplting/ice_scuplting_019.mp4,228
ironing_clothes/ironing_clothes_016.mp4,229
ironing_clothes/ironing_clothes_017.mp4,229
ironing_clothes/ironing_clothes_018.mp4,229
ironing_clothes/ironing_clothes_019.mp4,229
jack_up_car/jack_up_car_016.mp4,230
jack_up_car/jack_up_car_017.mp4,230
jack_up_car/jack_up_car_018.mp4,230
jack_up_car/jack_up_car_019.mp4,230
javelin_run/javelin_run_016.mp4,231
javelin_run/javelin_run_017.mp4,231
javelin_run/javelin_run_018.mp4,231
javelin_run/javelin_run_019.mp4,231
javelin_throw/javelin_throw_016.mp4,232
javelin_throw/javelin_throw_017.mp4,232
javelin_throw/javelin_throw_018.mp4,232
javelin_throw/javelin_throw_019.mp4,232
jetski/jetski_016.mp4,233
jetski/jetski_017.mp4,233
jetski/jetski_018.mp4,233
jetski/jetski_019.mp4,233
juggling_balls/juggling_balls_016.mp4,234
juggling_balls/juggling_balls_017.mp4,234
juggling_balls/juggling_balls_018.mp4,234
juggling_balls/juggling_balls_019.mp4,234
jump rope/jump rope_016.mp4,235
jump rope/jump rope_017.mp4,235
jump rope/jump rope_018.mp4,235
jump rope/jump rope_019.mp4,235
jumping_jack/jumping_jack_016.mp4,236
jumping_jack/jumping_jack_017.mp4,236
jumping_jack/jumping_jack_018.mp4,236
jumping_jack/jumping_jack_019.mp4,236
kayaking/kayaking_016.mp4,237
kayaking/kayaking_017.mp4,237
kayaking/kayaking_018.mp4,237
kayaking/kayaking_019.mp4,237
kick_jianzi/kick_jianzi_016.mp4,238
kick_jianzi/kick_jianzi_017.mp4,238
kick_jianzi/kick_jianzi_018.mp4,238
kick_jianzi/kick_jianzi_019.mp4,238
kick_open_door/kick_open_door_016.mp4,239
kick_open_door/kick_open_door_017.mp4,239
kick_open_door/kick_open_door_018.mp4,239
kick_open_door/kick_open_door_019.mp4,239
kiss/kiss_016.mp4,240
kiss/kiss_017.mp4,240
kiss/kiss_018.mp4,240
kiss/kiss_019.mp4,240
knitting/knitting_016.mp4,241
knitting/knitting_017.mp4,241
knitting/knitting_018.mp4,241
knitting/knitting_019.mp4,241
leg_hold_back/leg_hold_back_016.mp4,242
leg_hold_back/leg_hold_back_017.mp4,242
leg_hold_back/leg_hold_back_018.mp4,242
leg_hold_back/leg_hold_back_019.mp4,242
leg_hold_front/leg_hold_front_016.mp4,243
leg_hold_front/leg_hold_front_017.mp4,243
leg_hold_front/leg_hold_front_018.mp4,243
leg_hold_front/leg_hold_front_019.mp4,243
leg_split/leg_split_016.mp4,244
leg_split/leg_split_017.mp4,244
leg_split/leg_split_018.mp4,244
leg_split/leg_split_019.mp4,244
long_jump_jump/long_jump_jump_016.mp4,245
long_jump_jump/long_jump_jump_017.mp4,245
long_jump_jump/long_jump_jump_018.mp4,245
long_jump_jump/long_jump_jump_019.mp4,245
long_jump_run/long_jump_run_016.mp4,246
long_jump_run/long_jump_run_017.mp4,246
long_jump_run/long_jump_run_018.mp4,246
long_jump_run/long_jump_run_019.mp4,246
luge/luge_016.mp4,247
luge/luge_017.mp4,247
luge/luge_018.mp4,247
luge/luge_019.mp4,247
milking/milking_016.mp4,248
milking/milking_017.mp4,248
milking/milking_018.mp4,248
milking/milking_019.mp4,248
moonwalk/moonwalk_016.mp4,249
moonwalk/moonwalk_017.mp4,249
moonwalk/moonwalk_018.mp4,249
moonwalk/moonwalk_019.mp4,249
neck_side_pull_stretch/neck_side_pull_stretch_016.mp4,250
neck_side_pull_stretch/neck_side_pull_stretch_017.mp4,250
neck_side_pull_stretch/neck_side_pull_stretch_018.mp4,250
neck_side_pull_stretch/neck_side_pull_stretch_019.mp4,250
one_arm_push_up/one_arm_push_up_016.mp4,251
one_arm_push_up/one_arm_push_up_017.mp4,251
one_arm_push_up/one_arm_push_up_018.mp4,251
one_arm_push_up/one_arm_push_up_019.mp4,251
opening_door/opening_door_016.mp4,252
opening_door/opening_door_017.mp4,252
opening_door/opening_door_018.mp4,252
opening_door/opening_door_019.mp4,252
pancake_flip/pancake_flip_016.mp4,253
pancake_flip/pancake_flip_017.mp4,253
pancake_flip/pancake_flip_018.mp4,253
pancake_flip/pancake_flip_019.mp4,253
paragliding/paragliding_016.mp4,254
paragliding/paragliding_017.mp4,254
paragliding/paragliding_018.mp4,254
paragliding/paragliding_019.mp4,254
peeling_banana/peeling_banana_016.mp4,255
peeling_banana/peeling_banana_017.mp4,255
peeling_banana/peeling_banana_018.mp4,255
peeling_banana/peeling_banana_019.mp4,255
petanque_throw/petanque_throw_016.mp4,256
petanque_throw/petanque_throw_017.mp4,256
petanque_throw/petanque_throw_018.mp4,256
petanque_throw/petanque_throw_019.mp4,256
piggyback_ride/piggyback_ride_016.mp4,257
piggyback_ride/piggyback_ride_017.mp4,257
piggyback_ride/piggyback_ride_018.mp4,257
piggyback_ride/piggyback_ride_019.mp4,257
pirouette/pirouette_016.mp4,258
pirouette/pirouette_017.mp4,258
pirouette/pirouette_018.mp4,258
pirouette/pirouette_019.mp4,258
pizza_dough_toss/pizza_dough_toss_016.mp4,259
pizza_dough_toss/pizza_dough_toss_017.mp4,259
pizza_dough_toss/pizza_dough_toss_018.mp4,259
pizza_dough_toss/pizza_dough_toss_019.mp4,259
play_ otamatone/play_ otamatone_016.mp4,260
play_ otamatone/play_ otamatone_017.mp4,260
play_ otamatone/play_ otamatone_018.mp4,260
play_ otamatone/play_ otamatone_019.mp4,260
play_ piccolo/play_ piccolo_016.mp4,261
play_ piccolo/play_ piccolo_017.mp4,261
play_ piccolo/play_ piccolo_018.mp4,261
play_ piccolo/play_ piccolo_019.mp4,261
play_accordian/play_accordian_016.mp4,262
play_accordian/play_accordian_017.mp4,262
play_accordian/play_accordian_018.mp4,262
play_accordian/play_accordian_019.mp4,262
play_bagpipes/play_bagpipes_016.mp4,263
play_bagpipes/play_bagpipes_017.mp4,263
play_bagpipes/play_bagpipes_018.mp4,263
play_bagpipes/play_bagpipes_019.mp4,263
play_bangu/play_bangu_016.mp4,264
play_bangu/play_bangu_017.mp4,264
play_bangu/play_bangu_018.mp4,264
play_bangu/play_bangu_019.mp4,264
play_banjo/play_banjo_016.mp4,265
play_banjo/play_banjo_017.mp4,265
play_banjo/play_banjo_018.mp4,265
play_banjo/play_banjo_019.mp4,265
play_castanets/play_castanets_016.mp4,266
play_castanets/play_castanets_017.mp4,266
play_castanets/play_castanets_018.mp4,266
play_castanets/play_castanets_019.mp4,266
play_cello/play_cello_016.mp4,267
play_cello/play_cello_017.mp4,267
play_cello/play_cello_018.mp4,267
play_cello/play_cello_019.mp4,267
play_clarinet/play_clarinet_016.mp4,268
play_clarinet/play_clarinet_017.mp4,268
play_clarinet/play_clarinet_018.mp4,268
play_clarinet/play_clarinet_019.mp4,268
play_cornett/play_cornett_016.mp4,269
play_cornett/play_cornett_017.mp4,269
play_cornett/play_cornett_018.mp4,269
play_cornett/play_cornett_019.mp4,269
play_cymbals/play_cymbals_016.mp4,270
play_cymbals/play_cymbals_017.mp4,270
play_cymbals/play_cymbals_018.mp4,270
play_cymbals/play_cymbals_019.mp4,270
play_diabolo/play_diabolo_016.mp4,271
play_diabolo/play_diabolo_017.mp4,271
play_diabolo/play_diabolo_018.mp4,271
play_diabolo/play_diabolo_019.mp4,271
play_doublebass/play_doublebass_016.mp4,272
play_doublebass/play_doublebass_017.mp4,272
play_doublebass/play_doublebass_018.mp4,272
play_doublebass/play_doublebass_019.mp4,272
play_erhu/play_erhu_016.mp4,273
play_erhu/play_erhu_017.mp4,273
play_erhu/play_erhu_018.mp4,273
play_erhu/play_erhu_019.mp4,273
play_gong/play_gong_016.mp4,274
play_gong/play_gong_017.mp4,274
play_gong/play_gong_018.mp4,274
play_gong/play_gong_019.mp4,274
play_grandpiano/play_grandpiano_016.mp4,275
play_grandpiano/play_grandpiano_017.mp4,275
play_grandpiano/play_grandpiano_018.mp4,275
play_grandpiano/play_grandpiano_019.mp4,275
play_guitar/play_guitar_016.mp4,276
play_guitar/play_guitar_017.mp4,276
play_guitar/play_guitar_018.mp4,276
play_guitar/play_guitar_019.mp4,276
play_handpan/play_handpan_016.mp4,277
play_handpan/play_handpan_017.mp4,277
play_handpan/play_handpan_018.mp4,277
play_handpan/play_handpan_019.mp4,277
play_harmonica/play_harmonica_016.mp4,278
play_harmonica/play_harmonica_017.mp4,278
play_harmonica/play_harmonica_018.mp4,278
play_harmonica/play_harmonica_019.mp4,278
play_harp/play_harp_016.mp4,279
play_harp/play_harp_017.mp4,279
play_harp/play_harp_018.mp4,279
play_harp/play_harp_019.mp4,279
play_hulahoop/play_hulahoop_016.mp4,280
play_hulahoop/play_hulahoop_017.mp4,280
play_hulahoop/play_hulahoop_018.mp4,280
play_hulahoop/play_hulahoop_019.mp4,280
play_hulusi/play_hulusi_016.mp4,281
play_hulusi/play_hulusi_017.mp4,281
play_hulusi/play_hulusi_018.mp4,281
play_hulusi/play_hulusi_019.mp4,281
play_jazzdrum/play_jazzdrum_016.mp4,282
play_jazzdrum/play_jazzdrum_017.mp4,282
play_jazzdrum/play_jazzdrum_018.mp4,282
play_jazzdrum/play_jazzdrum_019.mp4,282
play_kendama/play_kendama_016.mp4,283
play_kendama/play_kendama_017.mp4,283
play_kendama/play_kendama_018.mp4,283
play_kendama/play_kendama_019.mp4,283
play_leaf-flute/play_leaf-flute_016.mp4,284
play_leaf-flute/play_leaf-flute_017.mp4,284
play_leaf-flute/play_leaf-flute_018.mp4,284
play_leaf-flute/play_leaf-flute_019.mp4,284
play_lute/play_lute_016.mp4,285
play_lute/play_lute_017.mp4,285
play_lute/play_lute_018.mp4,285
play_lute/play_lute_019.mp4,285
play_maracas/play_maracas_016.mp4,286
play_maracas/play_maracas_017.mp4,286
play_maracas/play_maracas_018.mp4,286
play_maracas/play_maracas_019.mp4,286
play_melodic/play_melodic_016.mp4,287
play_melodic/play_melodic_017.mp4,287
play_melodic/play_melodic_018.mp4,287
play_melodic/play_melodic_019.mp4,287
play_noseflute/play_noseflute_016.mp4,288
play_noseflute/play_noseflute_017.mp4,288
play_noseflute/play_noseflute_018.mp4,288
play_noseflute/play_noseflute_019.mp4,288
play_ocarina/play_ocarina_016.mp4,289
play_ocarina/play_ocarina_017.mp4,289
play_ocarina/play_ocarina_018.mp4,289
play_ocarina/play_ocarina_019.mp4,289
play_panpipe/play_panpipe_016.mp4,290
play_panpipe/play_panpipe_017.mp4,290
play_panpipe/play_panpipe_018.mp4,290
play_panpipe/play_panpipe_019.mp4,290
play_recorder/play_recorder_016.mp4,291
play_recorder/play_recorder_017.mp4,291
play_recorder/play_recorder_018.mp4,291
play_recorder/play_recorder_019.mp4,291
play_sanxian/play_sanxian_016.mp4,292
play_sanxian/play_sanxian_017.mp4,292
play_sanxian/play_sanxian_018.mp4,292
play_sanxian/play_sanxian_019.mp4,292
play_saw/play_saw_016.mp4,293
play_saw/play_saw_017.mp4,293
play_saw/play_saw_018.mp4,293
play_saw/play_saw_019.mp4,293
play_saxophone/play_saxophone_016.mp4,294
play_saxophone/play_saxophone_017.mp4,294
play_saxophone/play_saxophone_018.mp4,294
play_saxophone/play_saxophone_019.mp4,294
play_serpent/play_serpent_016.mp4,295
play_serpent/play_serpent_017.mp4,295
play_serpent/play_serpent_018.mp4,295
play_serpent/play_serpent_019.mp4,295
play_sheng/play_sheng_016.mp4,296
play_sheng/play_sheng_017.mp4,296
play_sheng/play_sheng_018.mp4,296
play_sheng/play_sheng_019.mp4,296
play_sitar/play_sitar_016.mp4,297
play_sitar/play_sitar_017.mp4,297
play_sitar/play_sitar_018.mp4,297
play_sitar/play_sitar_019.mp4,297
play_suona/play_suona_016.mp4,298
play_suona/play_suona_017.mp4,298
play_suona/play_suona_018.mp4,298
play_suona/play_suona_019.mp4,298
play_tambourine/play_tambourine_016.mp4,299
play_tambourine/play_tambourine_017.mp4,299
play_tambourine/play_tambourine_018.mp4,299
play_tambourine/play_tambourine_019.mp4,299
play_thereminvox/play_thereminvox_016.mp4,300
play_thereminvox/play_thereminvox_017.mp4,300
play_thereminvox/play_thereminvox_018.mp4,300
play_thereminvox/play_thereminvox_019.mp4,300
play_timpani/play_timpani_016.mp4,301
play_timpani/play_timpani_017.mp4,301
play_timpani/play_timpani_018.mp4,301
play_timpani/play_timpani_019.mp4,301
play_triangle/play_triangle_016.mp4,302
play_triangle/play_triangle_017.mp4,302
play_triangle/play_triangle_018.mp4,302
play_triangle/play_triangle_019.mp4,302
play_trombone/play_trombone_016.mp4,303
play_trombone/play_trombone_017.mp4,303
play_trombone/play_trombone_018.mp4,303
play_trombone/play_trombone_019.mp4,303
play_trumpet/play_trumpet_016.mp4,304
play_trumpet/play_trumpet_017.mp4,304
play_trumpet/play_trumpet_018.mp4,304
play_trumpet/play_trumpet_019.mp4,304
play_ukulele/play_ukulele_016.mp4,305
play_ukulele/play_ukulele_017.mp4,305
play_ukulele/play_ukulele_018.mp4,305
play_ukulele/play_ukulele_019.mp4,305
play_viola/play_viola_016.mp4,306
play_viola/play_viola_017.mp4,306
play_viola/play_viola_018.mp4,306
play_viola/play_viola_019.mp4,306
play_violin/play_violin_016.mp4,307
play_violin/play_violin_017.mp4,307
play_violin/play_violin_018.mp4,307
play_violin/play_violin_019.mp4,307
play_xylophone/play_xylophone_016.mp4,308
play_xylophone/play_xylophone_017.mp4,308
play_xylophone/play_xylophone_018.mp4,308
play_xylophone/play_xylophone_019.mp4,308
play_yangqin/play_yangqin_016.mp4,309
play_yangqin/play_yangqin_017.mp4,309
play_yangqin/play_yangqin_018.mp4,309
play_yangqin/play_yangqin_019.mp4,309
play_yoyo/play_yoyo_016.mp4,310
play_yoyo/play_yoyo_017.mp4,310
play_yoyo/play_yoyo_018.mp4,310
play_yoyo/play_yoyo_019.mp4,310
playing_bass_drum/playing_bass_drum_016.mp4,311
playing_bass_drum/playing_bass_drum_017.mp4,311
playing_bass_drum/playing_bass_drum_018.mp4,311
playing_bass_drum/playing_bass_drum_019.mp4,311
playing_cajon_drum/playing_cajon_drum_016.mp4,312
playing_cajon_drum/playing_cajon_drum_017.mp4,312
playing_cajon_drum/playing_cajon_drum_018.mp4,312
playing_cajon_drum/playing_cajon_drum_019.mp4,312
playing_conga_drum/playing_conga_drum_016.mp4,313
playing_conga_drum/playing_conga_drum_017.mp4,313
playing_conga_drum/playing_conga_drum_018.mp4,313
playing_conga_drum/playing_conga_drum_019.mp4,313
playing_nunchucks/playing_nunchucks_016.mp4,314
playing_nunchucks/playing_nunchucks_017.mp4,314
playing_nunchucks/playing_nunchucks_018.mp4,314
playing_nunchucks/playing_nunchucks_019.mp4,314
playing_rubiks_cube/playing_rubiks_cube_016.mp4,315
playing_rubiks_cube/playing_rubiks_cube_017.mp4,315
playing_rubiks_cube/playing_rubiks_cube_018.mp4,315
playing_rubiks_cube/playing_rubiks_cube_019.mp4,315
playing_seesaw/playing_seesaw_016.mp4,316
playing_seesaw/playing_seesaw_017.mp4,316
playing_seesaw/playing_seesaw_018.mp4,316
playing_seesaw/playing_seesaw_019.mp4,316
playing_snare_drum/playing_snare_drum_016.mp4,317
playing_snare_drum/playing_snare_drum_017.mp4,317
playing_snare_drum/playing_snare_drum_018.mp4,317
playing_snare_drum/playing_snare_drum_019.mp4,317
playing_swing/playing_swing_016.mp4,318
playing_swing/playing_swing_017.mp4,318
playing_swing/playing_swing_018.mp4,318
playing_swing/playing_swing_019.mp4,318
playing_taiko_drum/playing_taiko_drum_016.mp4,319
playing_taiko_drum/playing_taiko_drum_017.mp4,319
playing_taiko_drum/playing_taiko_drum_018.mp4,319
playing_taiko_drum/playing_taiko_drum_019.mp4,319
plunging_toilet/plunging_toilet_016.mp4,320
plunging_toilet/plunging_toilet_017.mp4,320
plunging_toilet/plunging_toilet_018.mp4,320
plunging_toilet/plunging_toilet_019.mp4,320
pole_vault_jump/pole_vault_jump_016.mp4,321
pole_vault_jump/pole_vault_jump_017.mp4,321
pole_vault_jump/pole_vault_jump_018.mp4,321
pole_vault_jump/pole_vault_jump_019.mp4,321
pole_vault_run/pole_vault_run_016.mp4,322
pole_vault_run/pole_vault_run_017.mp4,322
pole_vault_run/pole_vault_run_018.mp4,322
pole_vault_run/pole_vault_run_019.mp4,322
pottery_wheel/pottery_wheel_016.mp4,323
pottery_wheel/pottery_wheel_017.mp4,323
pottery_wheel/pottery_wheel_018.mp4,323
pottery_wheel/pottery_wheel_019.mp4,323
pouring_wine/pouring_wine_016.mp4,324
pouring_wine/pouring_wine_017.mp4,324
pouring_wine/pouring_wine_018.mp4,324
pouring_wine/pouring_wine_019.mp4,324
pull_ups/pull_ups_016.mp4,325
pull_ups/pull_ups_017.mp4,325
pull_ups/pull_ups_018.mp4,325
pull_ups/pull_ups_019.mp4,325
punching_sandbag/punching_sandbag_016.mp4,326
punching_sandbag/punching_sandbag_017.mp4,326
punching_sandbag/punching_sandbag_018.mp4,326
punching_sandbag/punching_sandbag_019.mp4,326
punching_speedbag/punching_speedbag_016.mp4,327
punching_speedbag/punching_speedbag_017.mp4,327
punching_speedbag/punching_speedbag_018.mp4,327
punching_speedbag/punching_speedbag_019.mp4,327
push_car/push_car_016.mp4,328
push_car/push_car_017.mp4,328
push_car/push_car_018.mp4,328
push_car/push_car_019.mp4,328
push_wheelchair/push_wheelchair_016.mp4,329
push_wheelchair/push_wheelchair_017.mp4,329
push_wheelchair/push_wheelchair_018.mp4,329
push_wheelchair/push_wheelchair_019.mp4,329
push_wheelchair_alone/push_wheelchair_alone_016.mp4,330
push_wheelchair_alone/push_wheelchair_alone_017.mp4,330
push_wheelchair_alone/push_wheelchair_alone_018.mp4,330
push_wheelchair_alone/push_wheelchair_alone_019.mp4,330
pushup/pushup_016.mp4,331
pushup/pushup_017.mp4,331
pushup/pushup_018.mp4,331
pushup/pushup_019.mp4,331
putting_scarf_on/putting_scarf_on_016.mp4,332
putting_scarf_on/putting_scarf_on_017.mp4,332
putting_scarf_on/putting_scarf_on_018.mp4,332
putting_scarf_on/putting_scarf_on_019.mp4,332
quadruped_hip-extension/quadruped_hip-extension_016.mp4,333
quadruped_hip-extension/quadruped_hip-extension_017.mp4,333
quadruped_hip-extension/quadruped_hip-extension_018.mp4,333
quadruped_hip-extension/quadruped_hip-extension_019.mp4,333
racewalk_walk/racewalk_walk_016.mp4,334
racewalk_walk/racewalk_walk_017.mp4,334
racewalk_walk/racewalk_walk_018.mp4,334
racewalk_walk/racewalk_walk_019.mp4,334
read_newspaper/read_newspaper_016.mp4,335
read_newspaper/read_newspaper_017.mp4,335
read_newspaper/read_newspaper_018.mp4,335
read_newspaper/read_newspaper_019.mp4,335
reading_book/reading_book_016.mp4,336
reading_book/reading_book_017.mp4,336
reading_book/reading_book_018.mp4,336
reading_book/reading_book_019.mp4,336
remove_car_tire/remove_car_tire_016.mp4,337
remove_car_tire/remove_car_tire_017.mp4,337
remove_car_tire/remove_car_tire_018.mp4,337
remove_car_tire/remove_car_tire_019.mp4,337
rescue_breathing/rescue_breathing_016.mp4,338
rescue_breathing/rescue_breathing_017.mp4,338
rescue_breathing/rescue_breathing_018.mp4,338
rescue_breathing/rescue_breathing_019.mp4,338
ride_bike/ride_bike_016.mp4,339
ride_bike/ride_bike_017.mp4,339
ride_bike/ride_bike_018.mp4,339
ride_bike/ride_bike_019.mp4,339
ride_horse/ride_horse_016.mp4,340
ride_horse/ride_horse_017.mp4,340
ride_horse/ride_horse_018.mp4,340
ride_horse/ride_horse_019.mp4,340
ride_motorcycle/ride_motorcycle_016.mp4,341
ride_motorcycle/ride_motorcycle_017.mp4,341
ride_motorcycle/ride_motorcycle_018.mp4,341
ride_motorcycle/ride_motorcycle_019.mp4,341
ride_scooter/ride_scooter_016.mp4,342
ride_scooter/ride_scooter_017.mp4,342
ride_scooter/ride_scooter_018.mp4,342
ride_scooter/ride_scooter_019.mp4,342
riding_elephant/riding_elephant_016.mp4,343
riding_elephant/riding_elephant_017.mp4,343
riding_elephant/riding_elephant_018.mp4,343
riding_elephant/riding_elephant_019.mp4,343
riding_mechanical_bull/riding_mechanical_bull_016.mp4,344
riding_mechanical_bull/riding_mechanical_bull_017.mp4,344
riding_mechanical_bull/riding_mechanical_bull_018.mp4,344
riding_mechanical_bull/riding_mechanical_bull_019.mp4,344
rock_balancing/rock_balancing_016.mp4,345
rock_balancing/rock_balancing_017.mp4,345
rock_balancing/rock_balancing_018.mp4,345
rock_balancing/rock_balancing_019.mp4,345
rock_paper_scissors/rock_paper_scissors_016.mp4,346
rock_paper_scissors/rock_paper_scissors_017.mp4,346
rock_paper_scissors/rock_paper_scissors_018.mp4,346
rock_paper_scissors/rock_paper_scissors_019.mp4,346
roller-skating_backward/roller-skating_backward_016.mp4,347
roller-skating_backward/roller-skating_backward_017.mp4,347
roller-skating_backward/roller-skating_backward_018.mp4,347
roller-skating_backward/roller-skating_backward_019.mp4,347
roller-skating_forward/roller-skating_forward_016.mp4,348
roller-skating_forward/roller-skating_forward_017.mp4,348
roller-skating_forward/roller-skating_forward_018.mp4,348
roller-skating_forward/roller-skating_forward_019.mp4,348
rolling_snow/rolling_snow_016.mp4,349
rolling_snow/rolling_snow_017.mp4,349
rolling_snow/rolling_snow_018.mp4,349
rolling_snow/rolling_snow_019.mp4,349
rowing_boat/rowing_boat_016.mp4,350
rowing_boat/rowing_boat_017.mp4,350
rowing_boat/rowing_boat_018.mp4,350
rowing_boat/rowing_boat_019.mp4,350
running_in_place/running_in_place_016.mp4,351
running_in_place/running_in_place_017.mp4,351
running_in_place/running_in_place_018.mp4,351
running_in_place/running_in_place_019.mp4,351
running_on_four/running_on_four_016.mp4,352
running_on_four/running_on_four_017.mp4,352
running_on_four/running_on_four_018.mp4,352
running_on_four/running_on_four_019.mp4,352
runway_walk/runway_walk_016.mp4,353
runway_walk/runway_walk_017.mp4,353
runway_walk/runway_walk_018.mp4,353
runway_walk/runway_walk_019.mp4,353
sack_race/sack_race_016.mp4,354
sack_race/sack_race_017.mp4,354
sack_race/sack_race_018.mp4,354
sack_race/sack_race_019.mp4,354
salute/salute_016.mp4,355
salute/salute_017.mp4,355
salute/salute_018.mp4,355
salute/salute_019.mp4,355
sandboarding_forward/sandboarding_forward_016.mp4,356
sandboarding_forward/sandboarding_forward_017.mp4,356
sandboarding_forward/sandboarding_forward_018.mp4,356
sandboarding_forward/sandboarding_forward_019.mp4,356
screw_car_tire/screw_car_tire_016.mp4,357
screw_car_tire/screw_car_tire_017.mp4,357
screw_car_tire/screw_car_tire_018.mp4,357
screw_car_tire/screw_car_tire_019.mp4,357
scuba_diving/scuba_diving_016.mp4,358
scuba_diving/scuba_diving_017.mp4,358
scuba_diving/scuba_diving_018.mp4,358
scuba_diving/scuba_diving_019.mp4,358
segway/segway_016.mp4,359
segway/segway_017.mp4,359
segway/segway_018.mp4,359
segway/segway_019.mp4,359
shake_cocktail/shake_cocktail_016.mp4,360
shake_cocktail/shake_cocktail_017.mp4,360
shake_cocktail/shake_cocktail_018.mp4,360
shake_cocktail/shake_cocktail_019.mp4,360
shaking_head/shaking_head_016.mp4,361
shaking_head/shaking_head_017.mp4,361
shaking_head/shaking_head_018.mp4,361
shaking_head/shaking_head_019.mp4,361
shaving_beard/shaving_beard_016.mp4,362
shaving_beard/shaving_beard_017.mp4,362
shaving_beard/shaving_beard_018.mp4,362
shaving_beard/shaving_beard_019.mp4,362
shoe_shining/shoe_shining_016.mp4,363
shoe_shining/shoe_shining_017.mp4,363
shoe_shining/shoe_shining_018.mp4,363
shoe_shining/shoe_shining_019.mp4,363
shoot_dance/shoot_dance_016.mp4,364
shoot_dance/shoot_dance_017.mp4,364
shoot_dance/shoot_dance_018.mp4,364
shoot_dance/shoot_dance_019.mp4,364
shooting_handgun/shooting_handgun_016.mp4,365
shooting_handgun/shooting_handgun_017.mp4,365
shooting_handgun/shooting_handgun_018.mp4,365
shooting_handgun/shooting_handgun_019.mp4,365
shooting_shotgun/shooting_shotgun_016.mp4,366
shooting_shotgun/shooting_shotgun_017.mp4,366
shooting_shotgun/shooting_shotgun_018.mp4,366
shooting_shotgun/shooting_shotgun_019.mp4,366
shotput_throw/shotput_throw_016.mp4,367
shotput_throw/shotput_throw_017.mp4,367
shotput_throw/shotput_throw_018.mp4,367
shotput_throw/shotput_throw_019.mp4,367
shoveling_snow/shoveling_snow_016.mp4,368
shoveling_snow/shoveling_snow_017.mp4,368
shoveling_snow/shoveling_snow_018.mp4,368
shoveling_snow/shoveling_snow_019.mp4,368
shuffle_dance/shuffle_dance_016.mp4,369
shuffle_dance/shuffle_dance_017.mp4,369
shuffle_dance/shuffle_dance_018.mp4,369
shuffle_dance/shuffle_dance_019.mp4,369
side_lunge/side_lunge_016.mp4,370
side_lunge/side_lunge_017.mp4,370
side_lunge/side_lunge_018.mp4,370
side_lunge/side_lunge_019.mp4,370
situp/situp_016.mp4,371
situp/situp_017.mp4,371
situp/situp_018.mp4,371
situp/situp_019.mp4,371
skateboard_forward/skateboard_forward_016.mp4,372
skateboard_forward/skateboard_forward_017.mp4,372
skateboard_forward/skateboard_forward_018.mp4,372
skateboard_forward/skateboard_forward_019.mp4,372
skateboard_grind/skateboard_grind_016.mp4,373
skateboard_grind/skateboard_grind_017.mp4,373
skateboard_grind/skateboard_grind_018.mp4,373
skateboard_grind/skateboard_grind_019.mp4,373
skateboard_jump/skateboard_jump_016.mp4,374
skateboard_jump/skateboard_jump_017.mp4,374
skateboard_jump/skateboard_jump_018.mp4,374
skateboard_jump/skateboard_jump_019.mp4,374
ski_backflip/ski_backflip_016.mp4,375
ski_backflip/ski_backflip_017.mp4,375
ski_backflip/ski_backflip_018.mp4,375
ski_backflip/ski_backflip_019.mp4,375
ski_cork/ski_cork_016.mp4,376
ski_cork/ski_cork_017.mp4,376
ski_cork/ski_cork_018.mp4,376
ski_cork/ski_cork_019.mp4,376
ski_frontflip/ski_frontflip_016.mp4,377
ski_frontflip/ski_frontflip_017.mp4,377
ski_frontflip/ski_frontflip_018.mp4,377
ski_frontflip/ski_frontflip_019.mp4,377
ski_jump_land/ski_jump_land_016.mp4,378
ski_jump_land/ski_jump_land_017.mp4,378
ski_jump_land/ski_jump_land_018.mp4,378
ski_jump_land/ski_jump_land_019.mp4,378
ski_jump_midair/ski_jump_midair_016.mp4,379
ski_jump_midair/ski_jump_midair_017.mp4,379
ski_jump_midair/ski_jump_midair_018.mp4,379
ski_jump_midair/ski_jump_midair_019.mp4,379
ski_jump_slide/ski_jump_slide_016.mp4,380
ski_jump_slide/ski_jump_slide_017.mp4,380
ski_jump_slide/ski_jump_slide_018.mp4,380
ski_jump_slide/ski_jump_slide_019.mp4,380
skydiving/skydiving_016.mp4,381
skydiving/skydiving_017.mp4,381
skydiving/skydiving_018.mp4,381
skydiving/skydiving_019.mp4,381
sledgehammer_strike_down/sledgehammer_strike_down_016.mp4,382
sledgehammer_strike_down/sledgehammer_strike_down_017.mp4,382
sledgehammer_strike_down/sledgehammer_strike_down_018.mp4,382
sledgehammer_strike_down/sledgehammer_strike_down_019.mp4,382
sling/sling_016.mp4,383
sling/sling_017.mp4,383
sling/sling_018.mp4,383
sling/sling_019.mp4,383
slingshot/slingshot_016.mp4,384
slingshot/slingshot_017.mp4,384
slingshot/slingshot_018.mp4,384
slingshot/slingshot_019.mp4,384
smoking_exhale/smoking_exhale_016.mp4,385
smoking_exhale/smoking_exhale_017.mp4,385
smoking_exhale/smoking_exhale_018.mp4,385
smoking_exhale/smoking_exhale_019.mp4,385
smoking_inhale/smoking_inhale_016.mp4,386
smoking_inhale/smoking_inhale_017.mp4,386
smoking_inhale/smoking_inhale_018.mp4,386
smoking_inhale/smoking_inhale_019.mp4,386
snorkeling/snorkeling_016.mp4,387
snorkeling/snorkeling_017.mp4,387
snorkeling/snorkeling_018.mp4,387
snorkeling/snorkeling_019.mp4,387
snow_angel/snow_angel_016.mp4,388
snow_angel/snow_angel_017.mp4,388
snow_angel/snow_angel_018.mp4,388
snow_angel/snow_angel_019.mp4,388
snowboard_jump/snowboard_jump_016.mp4,389
snowboard_jump/snowboard_jump_017.mp4,389
snowboard_jump/snowboard_jump_018.mp4,389
snowboard_jump/snowboard_jump_019.mp4,389
snowboard_slide/snowboard_slide_016.mp4,390
snowboard_slide/snowboard_slide_017.mp4,390
snowboard_slide/snowboard_slide_018.mp4,390
snowboard_slide/snowboard_slide_019.mp4,390
soccer_dribble/soccer_dribble_016.mp4,391
soccer_dribble/soccer_dribble_017.mp4,391
soccer_dribble/soccer_dribble_018.mp4,391
soccer_dribble/soccer_dribble_019.mp4,391
soccer_header/soccer_header_016.mp4,392
soccer_header/soccer_header_017.mp4,392
soccer_header/soccer_header_018.mp4,392
soccer_header/soccer_header_019.mp4,392
soccer_save/soccer_save_016.mp4,393
soccer_save/soccer_save_017.mp4,393
soccer_save/soccer_save_018.mp4,393
soccer_save/soccer_save_019.mp4,393
soccer_shoot/soccer_shoot_016.mp4,394
soccer_shoot/soccer_shoot_017.mp4,394
soccer_shoot/soccer_shoot_018.mp4,394
soccer_shoot/soccer_shoot_019.mp4,394
soccer_throw/soccer_throw_016.mp4,395
soccer_throw/soccer_throw_017.mp4,395
soccer_throw/soccer_throw_018.mp4,395
soccer_throw/soccer_throw_019.mp4,395
softball_pitch/softball_pitch_016.mp4,396
softball_pitch/softball_pitch_017.mp4,396
softball_pitch/softball_pitch_018.mp4,396
softball_pitch/softball_pitch_019.mp4,396
speed_stack/speed_stack_016.mp4,397
speed_stack/speed_stack_017.mp4,397
speed_stack/speed_stack_018.mp4,397
speed_stack/speed_stack_019.mp4,397
speedskating_forward/speedskating_forward_016.mp4,398
speedskating_forward/speedskating_forward_017.mp4,398
speedskating_forward/speedskating_forward_018.mp4,398
speedskating_forward/speedskating_forward_019.mp4,398
spinning_basketball/spinning_basketball_016.mp4,399
spinning_basketball/spinning_basketball_017.mp4,399
spinning_basketball/spinning_basketball_018.mp4,399
spinning_basketball/spinning_basketball_019.mp4,399
spinning_book/spinning_book_016.mp4,400
spinning_book/spinning_book_017.mp4,400
spinning_book/spinning_book_018.mp4,400
spinning_book/spinning_book_019.mp4,400
spinning_plate/spinning_plate_016.mp4,401
spinning_plate/spinning_plate_017.mp4,401
spinning_plate/spinning_plate_018.mp4,401
spinning_plate/spinning_plate_019.mp4,401
spitting_on_face/spitting_on_face_016.mp4,402
spitting_on_face/spitting_on_face_017.mp4,402
spitting_on_face/spitting_on_face_018.mp4,402
spitting_on_face/spitting_on_face_019.mp4,402
split_leap/split_leap_016.mp4,403
split_leap/split_leap_017.mp4,403
split_leap/split_leap_018.mp4,403
split_leap/split_leap_019.mp4,403
spraying_wall/spraying_wall_016.mp4,404
spraying_wall/spraying_wall_017.mp4,404
spraying_wall/spraying_wall_018.mp4,404
spraying_wall/spraying_wall_019.mp4,404
sprint_kneel/sprint_kneel_016.mp4,405
sprint_kneel/sprint_kneel_017.mp4,405
sprint_kneel/sprint_kneel_018.mp4,405
sprint_kneel/sprint_kneel_019.mp4,405
sprint_run/sprint_run_016.mp4,406
sprint_run/sprint_run_017.mp4,406
sprint_run/sprint_run_018.mp4,406
sprint_run/sprint_run_019.mp4,406
sprint_start/sprint_start_016.mp4,407
sprint_start/sprint_start_017.mp4,407
sprint_start/sprint_start_018.mp4,407
sprint_start/sprint_start_019.mp4,407
squash_backhand/squash_backhand_016.mp4,408
squash_backhand/squash_backhand_017.mp4,408
squash_backhand/squash_backhand_018.mp4,408
squash_backhand/squash_backhand_019.mp4,408
squash_forehand/squash_forehand_016.mp4,409
squash_forehand/squash_forehand_017.mp4,409
squash_forehand/squash_forehand_018.mp4,409
squash_forehand/squash_forehand_019.mp4,409
sticking tongue out/sticking tongue out_016.mp4,410
sticking tongue out/sticking tongue out_017.mp4,410
sticking tongue out/sticking tongue out_018.mp4,410
sticking tongue out/sticking tongue out_019.mp4,410
stomping_grapes/stomping_grapes_016.mp4,411
stomping_grapes/stomping_grapes_017.mp4,411
stomping_grapes/stomping_grapes_018.mp4,411
stomping_grapes/stomping_grapes_019.mp4,411
stone_skipping/stone_skipping_016.mp4,412
stone_skipping/stone_skipping_017.mp4,412
stone_skipping/stone_skipping_018.mp4,412
stone_skipping/stone_skipping_019.mp4,412
styling_hair/styling_hair_016.mp4,413
styling_hair/styling_hair_017.mp4,413
styling_hair/styling_hair_018.mp4,413
styling_hair/styling_hair_019.mp4,413
surfing/surfing_016.mp4,414
surfing/surfing_017.mp4,414
surfing/surfing_018.mp4,414
surfing/surfing_019.mp4,414
swimming_backstroke/swimming_backstroke_016.mp4,415
swimming_backstroke/swimming_backstroke_017.mp4,415
swimming_backstroke/swimming_backstroke_018.mp4,415
swimming_backstroke/swimming_backstroke_019.mp4,415
swimming_breast_stroke/swimming_breast_stroke_016.mp4,416
swimming_breast_stroke/swimming_breast_stroke_017.mp4,416
swimming_breast_stroke/swimming_breast_stroke_018.mp4,416
swimming_breast_stroke/swimming_breast_stroke_019.mp4,416
swimming_butterfly_stroke/swimming_butterfly_stroke_016.mp4,417
swimming_butterfly_stroke/swimming_butterfly_stroke_017.mp4,417
swimming_butterfly_stroke/swimming_butterfly_stroke_018.mp4,417
swimming_butterfly_stroke/swimming_butterfly_stroke_019.mp4,417
swimming_freestyle/swimming_freestyle_016.mp4,418
swimming_freestyle/swimming_freestyle_017.mp4,418
swimming_freestyle/swimming_freestyle_018.mp4,418
swimming_freestyle/swimming_freestyle_019.mp4,418
swinging_axe_on_a_tree/swinging_axe_on_a_tree_016.mp4,419
swinging_axe_on_a_tree/swinging_axe_on_a_tree_017.mp4,419
swinging_axe_on_a_tree/swinging_axe_on_a_tree_018.mp4,419
swinging_axe_on_a_tree/swinging_axe_on_a_tree_019.mp4,419
sword_swallowing/sword_swallowing_016.mp4,420
sword_swallowing/sword_swallowing_017.mp4,420
sword_swallowing/sword_swallowing_018.mp4,420
sword_swallowing/sword_swallowing_019.mp4,420
taekwondo_high_block/taekwondo_high_block_016.mp4,421
taekwondo_high_block/taekwondo_high_block_017.mp4,421
taekwondo_high_block/taekwondo_high_block_018.mp4,421
taekwondo_high_block/taekwondo_high_block_019.mp4,421
taekwondo_kick/taekwondo_kick_016.mp4,422
taekwondo_kick/taekwondo_kick_017.mp4,422
taekwondo_kick/taekwondo_kick_018.mp4,422
taekwondo_kick/taekwondo_kick_019.mp4,422
taekwondo_low_block/taekwondo_low_block_016.mp4,423
taekwondo_low_block/taekwondo_low_block_017.mp4,423
taekwondo_low_block/taekwondo_low_block_018.mp4,423
taekwondo_low_block/taekwondo_low_block_019.mp4,423
taekwondo_middle_block/taekwondo_middle_block_016.mp4,424
taekwondo_middle_block/taekwondo_middle_block_017.mp4,424
taekwondo_middle_block/taekwondo_middle_block_018.mp4,424
taekwondo_middle_block/taekwondo_middle_block_019.mp4,424
taekwondo_punch/taekwondo_punch_016.mp4,425
taekwondo_punch/taekwondo_punch_017.mp4,425
taekwondo_punch/taekwondo_punch_018.mp4,425
taekwondo_punch/taekwondo_punch_019.mp4,425
taichi_fan/taichi_fan_016.mp4,426
taichi_fan/taichi_fan_017.mp4,426
taichi_fan/taichi_fan_018.mp4,426
taichi_fan/taichi_fan_019.mp4,426
taking_photo_camera/taking_photo_camera_016.mp4,427
taking_photo_camera/taking_photo_camera_017.mp4,427
taking_photo_camera/taking_photo_camera_018.mp4,427
taking_photo_camera/taking_photo_camera_019.mp4,427
taking_selfie/taking_selfie_016.mp4,428
taking_selfie/taking_selfie_017.mp4,428
taking_selfie/taking_selfie_018.mp4,428
taking_selfie/taking_selfie_019.mp4,428
talking_megaphone/talking_megaphone_016.mp4,429
talking_megaphone/talking_megaphone_017.mp4,429
talking_megaphone/talking_megaphone_018.mp4,429
talking_megaphone/talking_megaphone_019.mp4,429
talking_on_phone/talking_on_phone_016.mp4,430
talking_on_phone/talking_on_phone_017.mp4,430
talking_on_phone/talking_on_phone_018.mp4,430
talking_on_phone/talking_on_phone_019.mp4,430
tap_dancing/tap_dancing_016.mp4,431
tap_dancing/tap_dancing_017.mp4,431
tap_dancing/tap_dancing_018.mp4,431
tap_dancing/tap_dancing_019.mp4,431
tennis_backhand/tennis_backhand_016.mp4,432
tennis_backhand/tennis_backhand_017.mp4,432
tennis_backhand/tennis_backhand_018.mp4,432
tennis_backhand/tennis_backhand_019.mp4,432
tennis_forehand/tennis_forehand_016.mp4,433
tennis_forehand/tennis_forehand_017.mp4,433
tennis_forehand/tennis_forehand_018.mp4,433
tennis_forehand/tennis_forehand_019.mp4,433
tennis_serve/tennis_serve_016.mp4,434
tennis_serve/tennis_serve_017.mp4,434
tennis_serve/tennis_serve_018.mp4,434
tennis_serve/tennis_serve_019.mp4,434
three_legged_race/three_legged_race_016.mp4,435
three_legged_race/three_legged_race_017.mp4,435
three_legged_race/three_legged_race_018.mp4,435
three_legged_race/three_legged_race_019.mp4,435
throw_boomerang/throw_boomerang_016.mp4,436
throw_boomerang/throw_boomerang_017.mp4,436
throw_boomerang/throw_boomerang_018.mp4,436
throw_boomerang/throw_boomerang_019.mp4,436
throw_paper-plane/throw_paper-plane_016.mp4,437
throw_paper-plane/throw_paper-plane_017.mp4,437
throw_paper-plane/throw_paper-plane_018.mp4,437
throw_paper-plane/throw_paper-plane_019.mp4,437
throwing_bouquet/throwing_bouquet_016.mp4,438
throwing_bouquet/throwing_bouquet_017.mp4,438
throwing_bouquet/throwing_bouquet_018.mp4,438
throwing_bouquet/throwing_bouquet_019.mp4,438
tight-rope_walking/tight-rope_walking_016.mp4,439
tight-rope_walking/tight-rope_walking_017.mp4,439
tight-rope_walking/tight-rope_walking_018.mp4,439
tight-rope_walking/tight-rope_walking_019.mp4,439
tire_pull/tire_pull_016.mp4,440
tire_pull/tire_pull_017.mp4,440
tire_pull/tire_pull_018.mp4,440
tire_pull/tire_pull_019.mp4,440
tire_sled/tire_sled_016.mp4,441
tire_sled/tire_sled_017.mp4,441
tire_sled/tire_sled_018.mp4,441
tire_sled/tire_sled_019.mp4,441
trampoline/trampoline_016.mp4,442
trampoline/trampoline_017.mp4,442
trampoline/trampoline_018.mp4,442
trampoline/trampoline_019.mp4,442
trapeze_interacting/trapeze_interacting_016.mp4,443
trapeze_interacting/trapeze_interacting_017.mp4,443
trapeze_interacting/trapeze_interacting_018.mp4,443
trapeze_interacting/trapeze_interacting_019.mp4,443
trapeze_single/trapeze_single_016.mp4,444
trapeze_single/trapeze_single_017.mp4,444
trapeze_single/trapeze_single_018.mp4,444
trapeze_single/trapeze_single_019.mp4,444
triple_jump_jump/triple_jump_jump_016.mp4,445
triple_jump_jump/triple_jump_jump_017.mp4,445
triple_jump_jump/triple_jump_jump_018.mp4,445
triple_jump_jump/triple_jump_jump_019.mp4,445
triple_jump_run/triple_jump_run_016.mp4,446
triple_jump_run/triple_jump_run_017.mp4,446
triple_jump_run/triple_jump_run_018.mp4,446
triple_jump_run/triple_jump_run_019.mp4,446
tug_of_war/tug_of_war_016.mp4,447
tug_of_war/tug_of_war_017.mp4,447
tug_of_war/tug_of_war_018.mp4,447
tug_of_war/tug_of_war_019.mp4,447
underarm_turn/underarm_turn_016.mp4,448
underarm_turn/underarm_turn_017.mp4,448
underarm_turn/underarm_turn_018.mp4,448
underarm_turn/underarm_turn_019.mp4,448
unevenbar_cross/unevenbar_cross_016.mp4,449
unevenbar_cross/unevenbar_cross_017.mp4,449
unevenbar_cross/unevenbar_cross_018.mp4,449
unevenbar_cross/unevenbar_cross_019.mp4,449
unevenbar_flip/unevenbar_flip_016.mp4,450
unevenbar_flip/unevenbar_flip_017.mp4,450
unevenbar_flip/unevenbar_flip_018.mp4,450
unevenbar_flip/unevenbar_flip_019.mp4,450
unevenbar_jump/unevenbar_jump_016.mp4,451
unevenbar_jump/unevenbar_jump_017.mp4,451
unevenbar_jump/unevenbar_jump_018.mp4,451
unevenbar_jump/unevenbar_jump_019.mp4,451
unevenbar_land/unevenbar_land_016.mp4,452
unevenbar_land/unevenbar_land_017.mp4,452
unevenbar_land/unevenbar_land_018.mp4,452
unevenbar_land/unevenbar_land_019.mp4,452
unevenbar_spin/unevenbar_spin_016.mp4,453
unevenbar_spin/unevenbar_spin_017.mp4,453
unevenbar_spin/unevenbar_spin_018.mp4,453
unevenbar_spin/unevenbar_spin_019.mp4,453
unicycle_ride/unicycle_ride_016.mp4,454
unicycle_ride/unicycle_ride_017.mp4,454
unicycle_ride/unicycle_ride_018.mp4,454
unicycle_ride/unicycle_ride_019.mp4,454
using_inhaler/using_inhaler_016.mp4,455
using_inhaler/using_inhaler_017.mp4,455
using_inhaler/using_inhaler_018.mp4,455
using_inhaler/using_inhaler_019.mp4,455
using_lawn_mower/using_lawn_mower_016.mp4,456
using_lawn_mower/using_lawn_mower_017.mp4,456
using_lawn_mower/using_lawn_mower_018.mp4,456
using_lawn_mower/using_lawn_mower_019.mp4,456
using_lawn_mower_riding_type/using_lawn_mower_riding_type_016.mp4,457
using_lawn_mower_riding_type/using_lawn_mower_riding_type_017.mp4,457
using_lawn_mower_riding_type/using_lawn_mower_riding_type_018.mp4,457
using_lawn_mower_riding_type/using_lawn_mower_riding_type_019.mp4,457
using_metal_detector/using_metal_detector_016.mp4,458
using_metal_detector/using_metal_detector_017.mp4,458
using_metal_detector/using_metal_detector_018.mp4,458
using_metal_detector/using_metal_detector_019.mp4,458
using_scythe/using_scythe_016.mp4,459
using_scythe/using_scythe_017.mp4,459
using_scythe/using_scythe_018.mp4,459
using_scythe/using_scythe_019.mp4,459
using_spinning_wheel/using_spinning_wheel_016.mp4,460
using_spinning_wheel/using_spinning_wheel_017.mp4,460
using_spinning_wheel/using_spinning_wheel_018.mp4,460
using_spinning_wheel/using_spinning_wheel_019.mp4,460
using_string_trimmer/using_string_trimmer_016.mp4,461
using_string_trimmer/using_string_trimmer_017.mp4,461
using_string_trimmer/using_string_trimmer_018.mp4,461
using_string_trimmer/using_string_trimmer_019.mp4,461
using_typewriter/using_typewriter_016.mp4,462
using_typewriter/using_typewriter_017.mp4,462
using_typewriter/using_typewriter_018.mp4,462
using_typewriter/using_typewriter_019.mp4,462
volleyball_overhand/volleyball_overhand_016.mp4,463
volleyball_overhand/volleyball_overhand_017.mp4,463
volleyball_overhand/volleyball_overhand_018.mp4,463
volleyball_overhand/volleyball_overhand_019.mp4,463
volleyball_pass/volleyball_pass_016.mp4,464
volleyball_pass/volleyball_pass_017.mp4,464
volleyball_pass/volleyball_pass_018.mp4,464
volleyball_pass/volleyball_pass_019.mp4,464
volleyball_set/volleyball_set_016.mp4,465
volleyball_set/volleyball_set_017.mp4,465
volleyball_set/volleyball_set_018.mp4,465
volleyball_set/volleyball_set_019.mp4,465
volleyball_underhand/volleyball_underhand_016.mp4,466
volleyball_underhand/volleyball_underhand_017.mp4,466
volleyball_underhand/volleyball_underhand_018.mp4,466
volleyball_underhand/volleyball_underhand_019.mp4,466
walking_on_stilts/walking_on_stilts_016.mp4,467
walking_on_stilts/walking_on_stilts_017.mp4,467
walking_on_stilts/walking_on_stilts_018.mp4,467
walking_on_stilts/walking_on_stilts_019.mp4,467
walking_with_crutches/walking_with_crutches_016.mp4,468
walking_with_crutches/walking_with_crutches_017.mp4,468
walking_with_crutches/walking_with_crutches_018.mp4,468
walking_with_crutches/walking_with_crutches_019.mp4,468
walking_with_walker/walking_with_walker_016.mp4,469
walking_with_walker/walking_with_walker_017.mp4,469
walking_with_walker/walking_with_walker_018.mp4,469
walking_with_walker/walking_with_walker_019.mp4,469
wall_paint_brush/wall_paint_brush_016.mp4,470
wall_paint_brush/wall_paint_brush_017.mp4,470
wall_paint_brush/wall_paint_brush_018.mp4,470
wall_paint_brush/wall_paint_brush_019.mp4,470
wall_paint_roller/wall_paint_roller_016.mp4,471
wall_paint_roller/wall_paint_roller_017.mp4,471
wall_paint_roller/wall_paint_roller_018.mp4,471
wall_paint_roller/wall_paint_roller_019.mp4,471
washing_clothes/washing_clothes_016.mp4,472
washing_clothes/washing_clothes_017.mp4,472
washing_clothes/washing_clothes_018.mp4,472
washing_clothes/washing_clothes_019.mp4,472
washing_dishes/washing_dishes_016.mp4,473
washing_dishes/washing_dishes_017.mp4,473
washing_dishes/washing_dishes_018.mp4,473
washing_dishes/washing_dishes_019.mp4,473
water_skiing/water_skiing_016.mp4,474
water_skiing/water_skiing_017.mp4,474
water_skiing/water_skiing_018.mp4,474
water_skiing/water_skiing_019.mp4,474
watering_plants/watering_plants_016.mp4,475
watering_plants/watering_plants_017.mp4,475
watering_plants/watering_plants_018.mp4,475
watering_plants/watering_plants_019.mp4,475
wear_face_mask/wear_face_mask_016.mp4,476
wear_face_mask/wear_face_mask_017.mp4,476
wear_face_mask/wear_face_mask_018.mp4,476
wear_face_mask/wear_face_mask_019.mp4,476
wear_helmet/wear_helmet_016.mp4,477
wear_helmet/wear_helmet_017.mp4,477
wear_helmet/wear_helmet_018.mp4,477
wear_helmet/wear_helmet_019.mp4,477
weightlifting_hang/weightlifting_hang_016.mp4,478
weightlifting_hang/weightlifting_hang_017.mp4,478
weightlifting_hang/weightlifting_hang_018.mp4,478
weightlifting_hang/weightlifting_hang_019.mp4,478
weightlifting_overhead/weightlifting_overhead_016.mp4,479
weightlifting_overhead/weightlifting_overhead_017.mp4,479
weightlifting_overhead/weightlifting_overhead_018.mp4,479
weightlifting_overhead/weightlifting_overhead_019.mp4,479
weightlifting_stand/weightlifting_stand_016.mp4,480
weightlifting_stand/weightlifting_stand_017.mp4,480
weightlifting_stand/weightlifting_stand_018.mp4,480
weightlifting_stand/weightlifting_stand_019.mp4,480
whipping/whipping_016.mp4,481
whipping/whipping_017.mp4,481
whipping/whipping_018.mp4,481
whipping/whipping_019.mp4,481
whistle_one_hand/whistle_one_hand_016.mp4,482
whistle_one_hand/whistle_one_hand_017.mp4,482
whistle_one_hand/whistle_one_hand_018.mp4,482
whistle_one_hand/whistle_one_hand_019.mp4,482
whistle_two_hands/whistle_two_hands_016.mp4,483
whistle_two_hands/whistle_two_hands_017.mp4,483
whistle_two_hands/whistle_two_hands_018.mp4,483
whistle_two_hands/whistle_two_hands_019.mp4,483
windsurfing/windsurfing_016.mp4,484
windsurfing/windsurfing_017.mp4,484
windsurfing/windsurfing_018.mp4,484
windsurfing/windsurfing_019.mp4,484
workout_chest-pull/workout_chest-pull_016.mp4,485
workout_chest-pull/workout_chest-pull_017.mp4,485
workout_chest-pull/workout_chest-pull_018.mp4,485
workout_chest-pull/workout_chest-pull_019.mp4,485
workout_crunch/workout_crunch_016.mp4,486
workout_crunch/workout_crunch_017.mp4,486
workout_crunch/workout_crunch_018.mp4,486
workout_crunch/workout_crunch_019.mp4,486
yawning/yawning_016.mp4,487
yawning/yawning_017.mp4,487
yawning/yawning_018.mp4,487
yawning/yawning_019.mp4,487
yoga_bridge/yoga_bridge_016.mp4,488
yoga_bridge/yoga_bridge_017.mp4,488
yoga_bridge/yoga_bridge_018.mp4,488
yoga_bridge/yoga_bridge_019.mp4,488
yoga_cat/yoga_cat_016.mp4,489
yoga_cat/yoga_cat_017.mp4,489
yoga_cat/yoga_cat_018.mp4,489
yoga_cat/yoga_cat_019.mp4,489
yoga_dancer/yoga_dancer_016.mp4,490
yoga_dancer/yoga_dancer_017.mp4,490
yoga_dancer/yoga_dancer_018.mp4,490
yoga_dancer/yoga_dancer_019.mp4,490
yoga_firefly/yoga_firefly_016.mp4,491
yoga_firefly/yoga_firefly_017.mp4,491
yoga_firefly/yoga_firefly_018.mp4,491
yoga_firefly/yoga_firefly_019.mp4,491
yoga_fish/yoga_fish_016.mp4,492
yoga_fish/yoga_fish_017.mp4,492
yoga_fish/yoga_fish_018.mp4,492
yoga_fish/yoga_fish_019.mp4,492
yoga_gate/yoga_gate_016.mp4,493
yoga_gate/yoga_gate_017.mp4,493
yoga_gate/yoga_gate_018.mp4,493
yoga_gate/yoga_gate_019.mp4,493
yoga_locust/yoga_locust_016.mp4,494
yoga_locust/yoga_locust_017.mp4,494
yoga_locust/yoga_locust_018.mp4,494
yoga_locust/yoga_locust_019.mp4,494
yoga_lotus/yoga_lotus_016.mp4,495
yoga_lotus/yoga_lotus_017.mp4,495
yoga_lotus/yoga_lotus_018.mp4,495
yoga_lotus/yoga_lotus_019.mp4,495
yoga_pigeon/yoga_pigeon_016.mp4,496
yoga_pigeon/yoga_pigeon_017.mp4,496
yoga_pigeon/yoga_pigeon_018.mp4,496
yoga_pigeon/yoga_pigeon_019.mp4,496
yoga_tree/yoga_tree_016.mp4,497
yoga_tree/yoga_tree_017.mp4,497
yoga_tree/yoga_tree_018.mp4,497
yoga_tree/yoga_tree_019.mp4,497
yoga_triangle/yoga_triangle_016.mp4,498
yoga_triangle/yoga_triangle_017.mp4,498
yoga_triangle/yoga_triangle_018.mp4,498
yoga_triangle/yoga_triangle_019.mp4,498
yoga_updog/yoga_updog_016.mp4,499
yoga_updog/yoga_updog_017.mp4,499
yoga_updog/yoga_updog_018.mp4,499
yoga_updog/yoga_updog_019.mp4,499